id,body,source_author,source_title,score
pd8c2a808a0ef886,そんなら耳もきこえないのだから、何を云ってもわかるまい。,かぐつちみどり,オシャベリ姫,0.5875
pdb2d6e39db8d025,ミミは草の葉を綟り合わせた糸に、その花を一つ一つつなぎまして、長い長い花の鎖にしてゆきました。,とだけん,ルルとミミ,0.5591
pd2d500acd9f3ceb,夜は真っ暗で、人家の壁も見えず、暗い空からは何ひとつの光りも見えないのです。,アナトール・フランス,世界怪談名作集,0.6658
pd49573962fea24e,とどろく音声が死にたえ、静まりかえった完全に冷たい雰囲気が、みんなの頭上を支配した。,アルジャーノン・ブラックウッド,秘密礼拝式,0.5642
pd164e1ced2b261a,わたしの言うことが聞こえないのですか。,アレクサンドル・セルゲーヴィチ・プーシキン,世界怪談名作集,0.6146
pd1dfc1209ad5c7c,やがて一時間ほどすると、ピアノの弾奏が聞こえて、その音色が微かにおぼろげに伝わって来るのだった。,アントン・チェーホフ,犬を連れた奥さん,0.6619
pd34e8951ee14a8f,世の中にはおれたちに聞こえない物音がある。,アンブローズ・ビアス,世界怪談名作集,0.674
pd1c0e515398c48b,――私はしばらくの間、何か不安に駈られながらそこに立っておりました。,アーサー・コナン・ドイル,株式仲買店々員,0.6908
pda361f1027d1669,私の訳文は我ながら不思議とソノ何んだが、これでも原文はきわめておもしろいです。,イワン・ツルゲーネフ,あいびき,0.4887
pd2499612def48fd,つい口を開けて物を言えば、己の身の上が分からないことはあるまい。,ウィルヘルム・シュミットボン,鴉,0.6057
pd4c983191c2cb0c,わたしはそこに半分目がくらんだようになって立っていた。,エクトール・アンリ・マロ,家なき子,0.7549
pdcb9c91a5de61fc,次に長い間をおいてから、耳鳴りがする。,エドガー・アラン・ポー,早すぎる埋葬,0.6739
pdffb1d7edebf287,ただそこに棒のように立っていました。,エドモンド・デ・アミーチス,母を尋ねて三千里,0.7339
pdabc56a076597cf,しかもその形はなんにも見えないで、ただその跫音が聞こえるばかりであった。,エドワード・ジョージ・アール・ブルワー・リットン,世界怪談名作集,0.6514
pdfcdc06dda83932,ただ、あんなに長い間わたしを苦しめていた魔法から解放されたということだけは、自分にも感じられた。,エルンスト・テオドーア・アマーデウス・ホフマン,世界怪談名作集,0.5957
pd47a2aacc5b8278,もうなんにもすまいと思って、ただ町をぶらついていた。,オシップ・ディモフ,襟,0.6475
pd3598d426a6493b,また酒場の方からはさかんにコルクを抜く音が聞こえて来た。,オスカー・ワイルド,絵姿,0.666
pdfe45ecf58f8f61,軒並のハイカラな飾窓の硝子に、日やけして鳶色に光っている顔をうつしてみました。,オン・ワタナベ,兵士と女優,0.5496
pd9287b8ba4c550e,そして暗い階段を降りて、暗くなつた庭へ出て行つた。,ギルバート・キース・チェスタートン,とけない問題,0.6589
pd5819249e470b56,けれども車大工には気のせいか、その辺の闇のなかで呻くような声が幽かに聞えるようだった。,ギ・ド・モーパッサン,親ごころ,0.6377
pdf44e6bddeb64dd,お前のほうに部下がいるなら、こっちにもいるんだ。,サキ,第三者,0.6106
pd47f9c985021192,目こそつぶってはいますものの、かすかに息をする音は聞こえます。,シャルル・ペロー,眠る森のお姫さま,0.6772
pd072e10f0ebbb42,誰でも貧乏から逃がれることが出来なければ、むしろそれを誇りとするよりほかはないのである。,ジョージ・マクドナルド,世界怪談名作集,0.6095
pdfa054ee6e162d3,むしろ自分では、長い間よけいな面倒が殖えただけだと思っています。,ダニエル・デフォー,世界怪談名作集,0.5703
pd118ee74c53e81b,二人はしばらく耳をかたむけていると、風と電線との音が実際怪しくきこえるのであった。,チャールズ・ディケンズ,世界怪談名作集,0.6452
pd6e25857c87ed79,すると、誰かわたしの後の方で、同じように溜め息をついているのを感じたのです。,テオフィル・ゴーチェ,世界怪談名作集,0.6297
pdba72ef85e8c4a4,もうそれなり、ここへはこないでもらいたい。,ド・ヴィルヌーヴガブリエル=シュザンヌ・バルボ,ラ・ベルとラ・ベート（美し姫と怪獣）,0.5841
pd6715edaf3945e9,けれども……けれども、そんなことをしたのはわたくしではなかったのです。,ナサニエル・ホーソーン,世界怪談名作集,0.5647
pd301c43bd7b5477,こりゃあやっぱり、日曜日の朝にでもやっこさんとこへ出かけたほうがよさそうだ。,ニコライ・ゴーゴリ,外套,0.5852
pdbdc4c5b763d1ff,だから一同は、よろこんでその声に耳をかたむけた。,ニコライ・セミョーノヴィチ・レスコーフ,真珠の首飾り,0.6926
pd05c260a660567d,木の枝を押し分けると、赤い窓帷を掛けた窓硝子が見える。,ハンス・ランド,冬の王,0.5807
pd76fbe2865e2d03,こおろぎが鳴くだけで、二人のうしろでは、樹々がごくかすかにざわめいている。,パウル・トーマス・マン,小フリイデマン氏,0.6582
pde0eb8732c95617,物いう時、その声は壁にかけた楯の上にひびく遠い角笛の音のようであった。,フィオナ・マクラウド,約束,0.6586
pd00462580a8af3e,ほんのちょっとのあいだ、わたしの言うことにつられたのです。,フィヨードル・ミハイロヴィチ・ドストエフスキー,百姓マレイ,0.6281
pd2bd6d70d1de5a7,雨は降るし、遅くもなっているし、もうどうしても廃すのだ。,フェレンツ・モルナール,破落戸の昇天,0.6851
pd765a6fa04a234e,若し其処のが負傷者なら、この叫声を聴いてよもや気の付かぬ事はあるまい。,フセヴォロド・ミハイロヴィチ・ガールシン,四日間,0.6026
pdfd409eb72d1f1c,が、私はあの部屋が独占できるようになったのですから、むしろそこにじっとしていたいと思うのです。,フランシス・マリオン・クラウフォード,世界怪談名作集,0.6612
pddbda2a52461fe0,家から遠くないところに小さい流れがあって、そこには皮付きの粗末な橋が架けてあった。,フランシス・リチャード・ストックトン,世界怪談名作集,0.6727
pd239c03e934cc87,静けさのなかで聞こえるものはフェルトによって抑えられた受刑者のうめく声でした。,フランツ・カフカ,流刑地で,0.6802
pd7815cbacfaeb20,おぬし手なんぞを出して、どうしようと云うのだ。,フレデリック・ブウテ,橋の下,0.5275
pde24fc3e3cd9e3e,窓ががらがらと鳴って壊れたが、その音は女の耳には聞えなかった。,ヘルベルト・オイレンベルク,女の決闘,0.5882
pdab0c4250d6f24a,なんであの魚はまだ生を有していながら、死なねばならないのだろう。,ペーター・アルテンベルク,釣,0.5062
pd0d8825e4eab189,小屋には小さな次の間があって、そこはネルロだけが入るところになっていました。,マリー・ルイーズ・ド・ラ・ラメー,フランダースの犬,0.5894
pd068d041950d783,開いた本を閉じたほどの音もさせなかったのである。,マルセル・プレヴォー,田舎,0.5673
pd6f5e3cdf9cd186,締め切って、ほとんど真暗な家々の窓が後へ向いて走る。,ミハイル・ペトローヴィチ・アルチバシェッフ,罪人,0.6887
pd725fc08aff1bcc,外気が冷々として、細かい雨が降りだした。,モーリス・ルヴェル,孤独,0.6642
pd005071b69294cb,もう幾月か立ったので、なんに附けても悪く言う。,ヤーコプ・ユリウス・ダビット,世界漫遊,0.6124
pd250df9559be630,三月すると、地の中から花が咲きました。,ヤーコプ・ルートヴィッヒ・カール・グリム,杜松の樹,0.7117
pddd7200c5075898,あちらでは花の咲いている中で、悲しい心持がしてなりませんでした。,ライネル・マリア・リルケ,白,0.6972
pdfc8a499c8770c3,私はこの疑問にたいして、いや、話すことはなくならないと考えた。,リチャード・オースティン・フリーマン,「ソーンダイク博士」序文,0.4722
pd0b17bce05a054e,なんとなれば、時は虚無であって、すべての物体には始めと同時に終りが接しているのである。,レオニード・ニコラーエヴィチ・アンドレーエフ,世界怪談名作集,0.6619
pdd017f762eaef6d,またあのおしだって何にもいりはしませんよ。,レオ・トルストイ,イワンの馬鹿,0.6211
pd41005ff1a8131a,外部の物音はかすかにしか聞こえなかった。,ロマン・ロラン,ジャン・クリストフ,0.7388
pd7e8c2ff67ad4ff,あんなに長い耳を持っているんだから、勝つに違いないよ。,ロード・ダンセイニ,兎と亀,0.5538
pddaf2bab2e9b5f7,おーい、空想よ、お前はどこへ行くのだ。,ワシントン・アーヴィング,船旅,0.4567
pdfd9a7d218c0742,こどもらにかえり道が見つかりっこないから、それでやっかいがぬけようじゃないか。,ヴィルヘルム・カール・グリム,ヘンゼルとグレーテル,0.6099
pde69fc926c58132,――それに、ここでもう一つあなたに申上げておかなくてはならないことがあります。,三上於菟吉,黄色な顔,0.6359
pda4d304cb2d60e8,時々、風にのって谷川の音がザーッと流れてくる。,三好十郎,破れわらじ,0.5625
pdc286f32c44527e,母に宛てた手紙の、興味ある次のような一節で、それがよく分ります。,三宅幾三郎,ワンダ・ブック――少年・少女のために――,0.4335
pd236ee5c72124ce,半助ぐらいでおたまりこぼしがあるものかだ。,三宅花圃,藪の鶯,0.5928
pdc77ca207a35df2,でも今年の花はどこへ散ったのであろう。,三木清,私の果樹園,0.4254
pd60c7600ea044fa,そんなことを云うなら、もう百円出してもこの橋は渡らせない。,三鳥山人,豚吉とヒョロ子,0.5352
pd165c16b4975a53,私はなにもかもわからなくなって立ち向っていたのだ。,上田広,指導物語,0.6502
pd91466b00259514,源氏物語の文章は、当時の宮廷語、殊に貴婦人語にすこぶる近いものだろう。,上田敏,『新訳源氏物語』初版の序,0.4546
pdd81c24511a4b3f,と、中でかんぬきをはずす音がして、大きなとびらはしずかに開かれました。,下村千秋,壇ノ浦の鬼火,0.5812
pd9385f6774af7e0,氏は初期の私の歌集以来引きつづいて私を庇護してくれた人である。,与謝野晶子,『新新訳源氏物語』あとがき,0.4833
pdb466c1cfe2648c,そしてあたりを見まわした上で、彦太の耳の近くで低い声を出した。,丘丘十郎,雪魔,0.6549
pd2c4587aa58e803,偶然とか、単純な一致とか何の動機もない自白などで決めてはならない。,中井正一,探偵小説の芸術性,0.5313
pdc191af43cd509c,同じ村内でもそこの土壌の質によって柿の甘さに著しい甲乙があった。,中島哀浪,かき・みかん・かに,0.4048
pd5e0c788bf5dd17,するとだんだん気がふさいで、病気になりました。,中島孤島,杜松の樹,0.4358
pdbe9b845d76c289,ただそこに孔子という人間が存在するというだけで充分なのだ。,中島敦,弟子,0.6356
pd25c1423231f45e,別に理由はないので、面白味がよく分らないからである。,中谷宇吉郎,詩人への註文,0.5033
pdf872dfd177d8ca,卯の花の白妙に、茨の花の咲きそひて、雪にもこゆる心地ぞする。,中里介山,大菩薩峠,0.6868
pda8d7c2c9e7849a,とにかく、何もかも面倒になったのです。,久坂葉子,幾度目かの最期,0.6316
pd997be0e1ed5000,早咲きの桃の花とでも言いましょうか。,久生十蘭,顎十郎捕物帳,0.7618
pdc468422aca6371,思いなしか耳を澄ますと川面を渡る夜の帆船の音が聞えるようである。,久米正雄,競漕,0.6321
pd5ac1032505e45f,茫然としていると、雨に打れて見る間に濡しょぼたれ、怕ろしく寒くなる。,二葉亭四迷,平凡,0.6056
pd0bfcfbb8e68eaf,外に一かたまりの人が、何にも見ずに立っていた。,井上紅梅,村芝居,0.6357
pd8d906058505aa6,そしてどうもしようがないので小吟のみつかるまではとその親達を牢屋に入れてつらい目に合わせて居た。,井原西鶴,元禄時代小説第一巻「本朝二十不孝」ぬきほ（言文一致訳）,0.5272
pdf1a40b8ac90efd,そして痛ましく恐ろしい悲鳴が上げられた。,今野大力,トンカトントンカッタカッタ,0.4972
pd89fa9c538d5b1d,一部を贈られたから早速通読して自分の最も好む一句を捨つた。,伊丹万作,広告,0.4867
pd7865f08ec0c7c0,お小夜はそんな物音が一々耳にとまる。,伊藤左千夫,新万葉物語,0.7197
pd576d23e06c347d,丘を降りた重い軍靴の音が、家の戸口から薄暗い土間に消えて行つた。,伊藤永之介,押しかけ女房,0.6231
pdc412093319e5b6,縁側の日あたりに美しく咲きほこっていた石楠花ももういつか見る影もなくなった。,伊藤野枝,出奔,0.6614
pde2700acbadac15,咲きみだれた小菊がどれにもかいてあるじゃねえか。,佐々木味津三,右門捕物帖,0.6683
pd9a3708277e1412,どんな場所に横たわっていたかということも、思い出せなかった。,佐々木直次郎,早すぎる埋葬,0.5573
pd0c639bdfda027d,岸には大勢の人が測量をしていたのだけれど、唯あれあれと言うだけで、誰一人助けに行く者がない。,佐々木邦,いたずら小僧日記,0.6423
pdd44afa88434cf2,併しどうしたのか、青だけは、そのままそこに残されていた。,佐左木俊郎,狂馬,0.6986
pd4271099914b276,朝、静かな時には遙かの磯から、岩打つ波の音が聞こえてくるのだ。,佐藤垢石,縁談,0.7189
pd9f86654b50bb82,いろいろな紅や黄色の花が方々にどっさり咲いている。,佐藤春夫,蝗の大旅行,0.7223
pd33ff6ec9f9672f,波濤の音、船の動く音、そのあいだにきこえるのは海つばめの鳴き声である。,佐藤紅緑,少年連盟,0.6348
pd99a8a925b28bc0,唯、くだけて話すから、落語のように聴こえるのだ。,佐野昌一,十年後のラジオ界,0.5904
pd98b99c247dc425,是んな事のあったのはほんとうに御志のつきたのではなく、只、世の中のそしりを思召ての御心であった。,作者不詳,「平家物語」ぬきほ（言文一致訳）,0.538
pd25ec092251e11d,ただ茫然として私は、眼前の不思議に雨に濡れて突立っていた。,児玉花外,菜の花物語,0.5587
pdd9b8921239af27,耳をすますと遠い遠い海のかなたが、深い深い海の底に、轟々と鳴り響いているような気がするのでした。,加能作次郎,少年と海,0.6705
pd509ccbfbb53d6b,高まった時はすぐ枕もとで聞こえるようだったが、低まった時は隣室からでも聞こえるように遠のいた。,北条民雄,いのちの初夜,0.737
pde17dccd69181e5,窓の外に雨はまだ絶望的に降りつのっていた。,原民喜,秋日記,0.7616
pd7e033b24e80d70,そして、これ以上自己紹介するかわりに、その旅券を開いたまま机の上に置いた。,原田義人,火夫,0.6233
pdfadeb2e32a6fd8,いや、むしろ近づきたい気もちさえあった。,吉川英治,梅颸の杖,0.543
pdc584fb31de48f1,こっちへ来るかと思うとあっちへゆく。,吉田甲子太郎,負けない少年,0.6264
pd772868b875a87c,隣室からルーレットの玉の転げる音が、悪魔の囁きのように妾の耳に響いて来ました。,吉行エイスケ,バルザックの寝巻姿,0.6001
pd8eede2b6f92240,どんなに烈しい内容を取り扱われる場合でも、いかにも淡々として、透明な感じを与える。,和辻哲郎,歌集『涌井』を読む,0.5181
pdf20c7b739e8535,折り折り遠くでほえる犬の声が聞こえた。,国木田独歩,鹿狩り,0.7053
pdff8c9e7d0036f7,薔薇と藤とが咲いているかと思うと、水葵の花が咲いていた。,国枝史郎,生死卍巴,0.7718
pd8068f53cf930a5,私がいくら金の衣服を着ていても、お前はすぐに錆さして役に立たなくしてしまう。,土原耕作,ペンとインキ,0.4644
pd95bb78c3a97cfd,点がだんだん伸びて角の形になりました。,土田耕平,峠,0.6811
pd5a7d286cbba1fc,咲子はそれを有り難くは思うが、どうも、打ちとけられない。,坂口安吾,明治開化　安吾捕物,0.6966
pd74bbf894fefe03,……私はその時はもう、われにもなく其処から数歩離れたところにまで行っていた。,堀辰雄,麦藁帽子,0.6455
pdd4733984bf4490,垣根に咲く豆菊の色は白いものばかりである。,夏目漱石,趣味の遺伝,0.7223
pd92cfae7eb4441a,畠の隅には、こぼれ生えの大根の花が咲き、紋白蝶が群り飛んでいる。,外村繁,澪標,0.7387
pdb660404ed3aa6f,俺が咲かせようと思えば花はいつでもこの通りに咲くのだ。,夢野久作,白髪小僧,0.7577
pd47ceaf0a104356,奥様に別れてから、私はまた薬品になった話を思い出した。,大倉燁子,素晴しい記念品,0.4258
pd9d9561f81a4cc6,そしてそこには数百万の人間の中から選ばれた四人しかいなかったのだ。,大庭武年,旅客機事件,0.555
pd31eda44fc52660,こいつらは恐ろしい Panlogists だ。,大杉栄,鎖工場,0.5681
pd5b4b27ec0abed4,とさつ場のようにむんむんとしたいきれ、悪臭がふんと鼻したにたれてくる。,大江鉄麿,市立共同宿泊所,0.4818
pd609f234d3f64e2,玉はその問いにこもっている非難に顔を赧らめて、恭しくこう答えた。,大谷正信,蠅のはなし,0.4661
pd455e87f2c6da0f,ジャズが鳴っていてかなり騒々しいのに、まるでこちらの窓を締めたように、その音は高く荒々しかった。,大阪圭吉,銀座幽霊,0.6366
pdb677437d35db15,そんな話をしていると、そこへまた思いがけなく森山君が寄って来て、やアやアというわけさ。,大鹿卓,金山揷話,0.5832
pd256d0d8905edae,まっかな花が、たくさん咲いていました。,太宰治,新樹の言葉,0.7459
pd35d284b800e579,でも山林のはずれのこのあたりには、そんなにいない。,妹尾アキ夫,第三者,0.5656
pdc8e837b4de7838,だから、さびしいので、そうして毎日ほとけ様ばかり拝んでいたのでしょう。,宇野浩二,でたらめ経,0.4935
pdd054f6fa886023,舟料理の葭すだれは、まき上げられたままゆうべの歓楽の名残をとどめている。,安西冬衛,大阪の朝,0.466
pd90e3b14a21bcad,しかし、この本の著者は忘れなかった。,宍戸儀一,フランケンシュタイン,0.4344
pde856111b407100,まるでなにかうすきみわるい物音にでも聴き入っているような風だった。,実吉捷郎,小フリイデマン氏,0.6332
pd8df1a14b3acb1a,一つのしゃりこうべの穴のところに、毎年のように紫色をした威勢のいい凜とした菫の花が咲いた。,室生犀星,しゃりこうべ,0.6768
pd6652358a895041,椰子蟹はまだこの深い底に行ってみたことはありませんでしたから、何がそこにあるか知りませんでした。,宮原晃一郎,椰子蟹,0.6214
pd662770dc385b6b,けれどもそうして働くには、どこへいって、どんな人に頼んだらいいのか清造にはわかりませんでした。,宮島資夫,清造と沼,0.621
pdb864eca9f9a9b7,低いところで白や紅の山茶花が咲き散る。,宮本百合子,牡丹,0.8233
pd788001816e99fc,そばには白い花が咲き、稗は黒い穂を出しました。,宮沢賢治,狼森と笊森、盗森,0.7392
pd2b47e59da1579d,おれは産前のありとあらゆる精力を尽したかのように、何ものかを切望していた。,富ノ沢麟太郎,あめんちあ,0.6127
pd36469bc3c78622,夜明けの薄明が窓から流れ込み、藤三はミチの硝子窓を敲く音に眼をさまし、引戸をあけた。,富田常雄,刺青,0.587
pd02ec2a4bcf6d21,足でつッぱることの出来ぬ身体は揺られるがまゝに動く。,富田木歩,小さな旅,0.4953
pdfefb6e7f82e39b,同じ素人の陳君も、旨くやってくれているとみえて、機関の音も軽快に響いてくる。,寺島柾史,怪奇人造島,0.5834
pdedb65177cb5393,もう一歩突きつめればすべての滑稽はあわれであり、さびであり、しおりでなければならない。,寺田寅彦,俳諧の本質的概論,0.5711
pdaad87119aa67b3,私はもう初め首の落っこって来た時から、恐くて恐くてぶるぶる顫えていました。,小山内薫,梨の実,0.5193
pd0f1c895e502f69,梅の花の匂いが流れてきて、白梅の咲いているのが、外燈の明りに見えた。,小山清,早春,0.7089
pd745687c91a3372,川の辺には、白い花や、桃色の花が咲いていました。,小川未明,木と鳥になった姉妹,0.826
pdc4f72059161c8e,どうにも出来ず、私はそこに立っていた。,小林多喜二,党生活者,0.8021
pdbf050a588614a4,いや、嵐を呼ぶ、海鳥の泣き狂う声さえ聞こえないではないか。,小栗虫太郎,紅毛傾城,0.6686
pd6b161be60e6820,私もまだほかにも心当りがあるから、その方へも談して見ましょう。,小栗風葉,深川女房,0.5607
pd0d15156abbac7d,囘龍は水の音を聴いていると、渇きを覚えた。,小泉八雲,ろくろ首,0.6408
pd2020671de866fa,巨大なガラス窓が、倉庫の闇の中へ微量の光線を供給している。,小舟勝二,扉は語らず,0.5162
pd4d7d3b182023cd,雨はまだ頻に降っていて、窓を打つ水滴が砕けては流れた。,小酒井不木,猫と村正,0.7323
pd0a3db82961c2f0,よし子さんが、まくらもとに小さな金のくびかざりを見つけて、おどり上ってよろこびました。,小野浩,金のくびかざり,0.5557
pd75fe20c435342e,亡父はなるほどと思って、浜辺の幽霊はおくらになってしまいました。,尾上梅幸,薄どろどろ,0.442
pdb57bc327b772ef,夜風が樹立をゆるがす音が伍一の耳に悲しい音を立てて鳴りはじめた。,尾崎士郎,菎蒻,0.7177
pd6e53527fe8dd49,分厚い手紙が、指先を放れて、窓障子の間からぱさりと音をたてて落ちました。,山下利三郎,流転,0.5489
pd7f76a016e15935,世間の眼にふれない場所を探し求めて、そこでひそかに語り、あそぶのである。,山之口貘,私の青年時代,0.5799
pd6179b1fdb621fb,砕ける波濤と海からの風のために、跫音が聞こえないのだろう。,山川方夫,一人ぼっちのプレゼント,0.7297
pd376f7986811574,表戸が突然細目に開いて、そこに覗う様な二つの眼が光って、声は表でした。,山本勝治,十姉妹,0.5612
pd487f771599f885,風が起こって、枯れた芒がさわさわと揺れたち、百舌鳥の声が遠くなった。,山本周五郎,薊,0.6263
pd93719236b56b3c,チャーミアンはもともとジャックのその様な面に共鳴していたのだから、しきりにその決行を慫慂した。,山本政喜,荒野の呼び声,0.5874
pda794b4f329366f,垣根に山茶花や菊などの咲いている静かな村もいくつか通った。,山本禾太郎,抱茗荷の説,0.7317
pdc342a4b577772d,さあそれと聞いてからは、子供心に気味が悪るくって、その晩などは遂に寝られなかった。,岡崎雪声,子供の霊,0.5167
pd4b6e209ab8a91f,陽はまぶしいほど山地に反射して、道端に咲くいちはつの花が鋭い白星のように見える。,岡本かの子,呼ばれし乙女,0.7328
pd405b591931e3e3,雨は幸いにやんだが、暗い夜であった。,岡本綺堂,半七捕物帳,0.7598
pd36b4d5286548cb,しかし前から下調をしておくような暇が無かったのだから、何事もその意で聞いて貰わなければならない。,岩村透,不吉の音と学士会院の鐘,0.5497
pdc6e8e50badee7c,さッと言っては押し寄せ、すッと静かに引きさがる浪の音が遠く聴えた。,岩野泡鳴,耽溺,0.7173
pd51055c56f1d350,戯曲界不振の声を聞くことすでに久しい。,岸田国士,戯曲復興の兆,0.5517
pd3828c60c7eff49,なんとなく鑿や槌の音の聞こえて来るような気もした。,島崎藤村,嵐,0.712
pd492b58b1c50717,いつもよりははげしい物音に私も思わず聴耳を立てた。,島木健作,黒猫,0.7028
pdb7d1d6529473f6,そとには私の好きな菜の花が咲いているだろうか。,島秋人,遺愛集,0.724
pd728200bba5b84d,私は私で結交うから、もうこのことは言わぬとしよう。,川上眉山,書記官,0.5438
pd56f9afba48777d,余りのなさけなさに涙が腹の中で雨の様に降った。,川田功,偽刑事,0.58
pd2aa6d072e97f08,】それから、ややしばらく口をつぐんでいてから、こうつけ加えた。,平井肇,外套,0.5774
pd6e5bd69a4e8e87,博士は聴衆の頭上に、満足の一瞥を投げながら、悠揚として語り出した。,平林初之輔,人造人間,0.6122
pdc68b1e5a92417f,朝顔の花の咲かない間は即ち渦をなしている。,幸田露伴,ねじくり博士,0.7018
pd746dbd5cbfbbe6,四季を阻みて、降る雨を止めむとする。,徳永保之助,愚かなるものよ,0.5302
pddf48ed82b1b6db,パラソルをみたときのように、家のなかへとびこみたい気がする。,徳永直,白い道,0.6107
pd905c133ad1b68c,外には春風が白い埃をあげて、土の乾いた庭の手洗い鉢の側に、斑入りの椿の花が咲いていた。,徳田秋声,爛,0.7185
pdbe6f9e3267d11a,しかるにそれが雨の晩で非常に暗かったため、寺男が道路へ出ない内に、芳一の姿は消え失せてしまった。,戸川明三,耳無芳一の話,0.5925
pd75ac57bb2b7e12,眼覚しの鳴ったことや、枕元をさえぎって動いた影や、お湯の沸る音も夢でのように覚えていた。,戸田豊子,歩む,0.5488
pdaf9083267f7092,其は今言ったような所にあるのではなく、もっともっと深いものを目指していたのである。,折口信夫,反省の文学源氏物語,0.6403
pddfe98077d202db,博士は急ぎ拾い上げ、鼻眼鏡を取り出して鼻にかけ、眉の間に皺を寄せながら熱心に読み始めた。,押川春浪,南極の怪事,0.4355
pdad9066ea2738fc,そいつを、耳にうまいぐあいにあてていると、音楽がきけるしかけになっているというのである。,新美南吉,嘘,0.6895
pd7eb76d64fc24c8,ただマルコをかわいがってくれるものは親方だけでした。,日本童話研究会,母を尋ねて三千里,0.5309
pd817bc676ba29f7,蚊のなく声だけが空気のささやきのようにかすかに聞こえていた。,有島武郎,カインの末裔,0.7423
pd7a31d65e96ee1a,安くて、それはそれなりに、筆のあともうるわしくたのしいのである。,服部之総,蓮月焼,0.499
pdbcaf24ccdf07cb,なんというあてもない、ただ自分は、むちゅうでそんなことをしていたのだ。,木内高音,くまと車掌,0.5876
pdf9b2d643fa0832,同盟会の一人は、さらに語を続けて述べていうよう。,木村小舟,太陽系統の滅亡,0.4143
pdd8523c58b46381,炉端でひそひそ話していた親達はやがてこっそり出て行った。,本庄陸男,とも喰い,0.6221
pdbc7e4ac31833a2,白装束のまんま、死んだ時の姿で、そうして庫裡へ上って来た。,本田親二,□本居士,0.4787
pd608b907d822a3b,やがて夕日は西の山にとっぷりと落ち込んで、あたりが冷たく薄暗くなった。,杉山萠円,白髪小僧,0.5901
pdf29bd4a0d5b715,どうか一丸となって、わが大正昭和の女流俳句を永遠に光輝あらしめたい。,杉田久女,桜花を詠める句,0.4223
pd1a2a8ea1bc06b1,雨戸は閉って四方は死のごとく静かである。,李光洙,愛か,0.5543
pda5b675403f4cd0,山腹は一面蕎麦の畑で、咲きはじめたばかりの白い花が、塩をふりかけたように月に噎せた。,李孝石,蕎麦の花の頃,0.6425
pd47bfaae0085471,空中には遠雷がとどろいていたが、いまはもうソヨとの風も吹いていなかつた。,村崎敏郎,とけない問題,0.6066
pd56e7b5219bebeb,おりおり、遠くの往来を走る自動車の音が聞こえてくるばかりである。,松本泰,謎の街,0.7734
pdfd341d0eaa164d,わたしはこの河の流れについて行くんです、その人がそう言うんだよ。,松村みね子,漁師,0.5679
pd2cc1d12d5e206c,声の終りの方は小鳥のそれのように顫えた。,松永延造,職工と微笑,0.6151
pdadceda39a87be9,樹々の梢に風が吹くのが、同じ高さに聞こえる。,林不忘,つづれ烏羽玉,0.7403
pdf711a0e239a3ad,くいなのような鳥の声が、ぎゃあと遠くに聞えているのも耳についていた。,林芙美子,河沙魚,0.7116
pd9624e8442c69d1,しかしその底にはやはり居士を俟たなければならぬものが横たわっている。,柴田宵曲,「俳諧大要」解説,0.5188
pd7e23e3904a37f8,耳をリュックに近づけ、俺はその啼声にじっと聞入っていた。,梅崎春生,蜆,0.655
pd6430dd3f0eb438,耳に鳴りはためく焔のような物音をききながら無暗にあるいていた。,梶井基次郎,小さき良心,0.7255
pdefa0e28acdaa8a,そしてそれが単に現代語でないからだというだけではないのでございます。,森林太郎,『新訳源氏物語』初版の序,0.5924
pd112b8025e6b35e,もちろん、そこに出ていようはずはない。,森田草平,四十八人目,0.6675
pd70c3e1f3301eb5,みたところ動いたとも位置を変えたとも思われないのに、巨人の姿がとつぜん部屋の中に立ったのである。,森郁夫,秘密礼拝式,0.5471
pde9bb7ce5b4df6c,どこか近くで鳴く蟋蟀の声が、笛の音にまじって聞こえる。,森鴎外,佐橋甚五郎,0.7433
pde8e1ec5f436315,後ろの声がだんだん遠くなると、上のポンプの音が高くなった。,楠山正雄,家なき子,0.7137
pd0d639390b60045,浜茄子の花の濃い紅色が、海の碧さを背景に点点と咲いている。,横光利一,夜の靴,0.7238
pd6dd9356116571c,何かはためいて、窓の外は底も知れず暗い。,橋本五郎,小曲,0.8039
pd3e9723fbf96086,そんな思いを胸一杯にたぎらせながら、私はそこに茫然と突っ立っていた。,橘外男,生不動,0.6514
pd65f01e2d247dd3,のんびりしたところが皆無で窮屈そうである。,正宗白鳥,武州公秘話,0.4849
pd7866ab4b8a9004,誠に振わぬ句であるけれど、その代り大疵もないように思うて、これに極めた。,正岡子規,句合の月,0.5362
pd581ce814763234,たちまち、大空いっぱいに、しだれ柳のごとく花開いた。,正岡容,円朝花火,0.5441
pde9ea912c949b40,そんな事に頓着なく、何の道楽も特別のぜいたくもしず、ただ金をためたのです。,水上滝太郎,遺産,0.5738
pd6a9ac60e572463,そんなこと、すこしも心配いらないんだよ。,水谷まさる,シンデレラ,0.5776
pd02ca3d03d515bf,まわりはしんとして、薄曇のした空の下に、水の流れる音も聞こえない。,水野葉舟,黄昏,0.7307
pdba1d4088e9f5e7,雨戸がしまったので午後から降出した雨の音は殆ど聞えなくなった。,永井荷風,春雨の夜,0.6748
pd0767042e19e70c,僅かな涙金でおっぱらわれ、散々になって去って行く仲間を見て見ぬ振りをしている有様だった。,永崎貢,組合旗を折る,0.5154
pd379cb1dae95e83,ずっと遠くのほうから、かすかな、かすかな声が聞こえてくるのです。,江戸川乱歩,塔上の奇術師,0.7726
pd5fecd04f658247,虫の入りようも無いものをと思えども、そこには既に赤く腫れ上っていた。,江見水蔭,怪異黒姫おろし,0.6217
pd06223c2c057803,で、吃驚致しまして、この猫は屹度化けると思ったんです。,池田蕉園,「ああしんど」,0.4658
pd5c2da993723d18,夜釣に行くくらいだからそう憶病者ではなかったのです。,池田輝方,夜釣の怪,0.4267
pd5e5eee1a72e8dc,あすこに君によく似たクララが、元気に、男の心の中に咲いた春の花片を散らしている。,池谷信三郎,橋,0.6588
pdbca9a4f83ec1eb,そしてその物置へは多少の手入を加えて、つまり肺結核の大学生を置いてやることにしたという。,沼田一雅,白い光と上野の鐘,0.559
pde922c0aa387c3a,――窓の外は雨と、もみじで、霧が山を織っている。,泉鏡花,眉かくしの霊,0.696
pdb86ea4f019ef81,ひろ子の、あの小さなひろ子の手が土の中から出て、私をさしているような気がするんだ。,浜尾四郎,途上の犯人,0.6401
pd6f1adbf5e41d69,ちえ子さんの白椿は、真赤になりたい位極りが悪くなりました。,海若藍平,白椿,0.5097
pdb74e1ea1af3788,しかし、そこには誰も立っていなかった。,海野十三,鬼仏洞事件,0.7739
pdd7ce52447fe673,出てみると、聞き覚えのない男の声が遠くで、併しはっきりと聞こえていました。,渡辺温,象牙の牌,0.7497
pd0dcfc70e43bef0,さらさらと竹林のさやぎに似た波の音がこころよく耳にひびいてきます。,火野葦平,人魚,0.6031
pddb8360720c4a16,かれらが窓の近くで馬をおりると窓のなかのりっぱなベッドにねむっている美しい顏がジェミイにみえた。,片山広子,ジェミイの冐険,0.5733
pdbca4d6071dc085,誰も話しかけようとするものさえない。,片岡鉄兵,今度こそ,0.5148
pdcfd6983b073cf4,空を裂く爆撃機の唸りは、どの頁にも聞こえるだろう。,牧逸馬,戦雲を駆る女怪,0.6817
pd605561d75bfd77,僕は吸い込まれるようにその音の方に耳をそばだてた。,牧野信一,吊籠と月光と,0.6487
pd3f42bded0ca504,そしてふと、そこに挟んであるはずの蟇口をさらにしっかと挟みかえようとすると、それが無い。,犬田卯,錦紗,0.6249
pd1611f39be4860e,私はそれ等のすべてを目に見、耳に聞きながら、ただ呆然としていました。,田中早苗,十時五十分の急行,0.6021
pd405eba4f0e69db,私はそこに転がりこんだ形になったのである。,田中英光,野狐,0.6261
pd5ca777ddd740c2,路は一面に白い雪のような花の咲いている中へ入った。,田中貢太郎,白い花赤い茎,0.7824
pd0e27d914bd28bf,驢馬の長い耳に日がさして、おりおりけたたましい啼き声が耳を劈く。,田山花袋,一兵卒,0.6633
pd0b9e092025735c,むやみと広いばかりでいつまでたってもそこには何も起きない。,田畑修一郎,石ころ路,0.7282
pd465d37a6218a08,初めは、この妙な挙動に対して誰も何にも云わなかった。,田部隆次,忠五郎のはなし,0.5234
pdc29a6601eafc1a,しばらくすると辺りはしーんとして、もう物音も何も聞こえないでしょう。,甲賀三郎,ニッケルの文鎮,0.7356
pd2aeb9022a1b7e9,木瓜の花と菫の花とが櫟林の下に咲き乱れている。,白柳秀湖,駅夫日記,0.7014
pd8c35378ed4ac6a,凡ゆるものは、原因があって起り、そしてそれ自らが持つ最大限度には発展し得るものなのである。,直木三十五,大衆文芸作法,0.5946
pddb76df6ffb97fa,池の岸に白と紫の大輪の杜若が艶に水々しく咲いていた。,相馬泰三,六月,0.6741
pd1e5164b321964a,土地の者にも訊き、往来の人にも尋ねたが、誰も知らないというのである。,瞿佑,世界怪談名作集,0.4904
pd673ce644d657dc,今度は出かけるや否や、すぐちりぢりになッて採り始めた。,矢崎嵯峨の舎,初恋,0.5446
pd7107e4129243c6,そして、ふたりはなつかしさのあまりだきあって、キッスをしあいました。,矢崎源九郎,十二人兄弟,0.5723
pd2b282a9867f508,淡紅い今にも消えそうな花が、白い花むらの中にぽつぽつと咲いている。,矢田津世子,鴻ノ巣女房,0.7987
pd3f1d588832b084,先ず青空を十里四方位の大さに截って、それを圧搾して石にするんだ。,石川啄木,火星の芝居,0.4239
pd4c6c8a5949a39b,さりながらこれはほんの序の口でございました。,神西清,雪の宿り,0.5969
pd23f180b3ef8a6f,群集はまだ何ものかを待っている容子であった。,秋田滋,墓,0.5546
pd8bb9e37fecd19e,三人が村を出た時は、まだ河の流れに朝霧がかかって、河原の石の上には霜が真白に下りていました。,秋田雨雀,三人の百姓,0.5052
pd2d9498f652e00c,見よ、むこうには茶の花が咲き続いているではないか。,種田山頭火,白い花,0.7343
pd499341bcfbb1bb,まことに筋のとおった、行き届いた文意だったので、私は感心して承諾したのであった。,窪田空穂,遺愛集,0.5461
pd34b9bef42b6997,門からずっと玄関まで石を敷きつめて、両側に造花のような舶来花を咲かせてありました。,竹久夢二,都の眼,0.6112
pd357ee771b17e5f,ぼくの日の丸は日にかがやいて、ぱたぱた鳴りましょう。,竹内浩三,入営のことば,0.5417
pd754014ad9b2231,けれども、何故その意外な結論に到達したか、その経路については何も語っていない。,米川正夫,クロイツェル・ソナタ,0.5899
pd44e5a1a5d35dad,しかし少女の歩いてる所にはなんの花も咲いてなくって、道の色は白かった。,素木しづ,咲いてゆく花,0.751
pd1919d8b9e489d5,かしこいかしこい、お前はかしこいよ。,細井和喜蔵,モルモット,0.6362
pd7ee031318f7d20,窓の下を走る車のヘッドライトが暗闇の天井を一瞬明るく染めたのを、慟哭の想いにかられて見ていた。,織田作之助,雨,0.6669
pd87e5a226bdc126,三四日前の、桜花でも咲き出しそうな陽気が、嘘の様だ。,羽志主水,越後獅子,0.6426
pd0ca5480b47536e,硝子窓から外を見ると、どこも一面にまっ暗である。,芥川竜之介,西郷隆盛,0.7062
pdd8a03da9e7720e,母親が聴き耳を立てていると、みを子は下駄を突っかけて外へ出たようだった。,若杉鳥子,母親,0.6182
pd20dee8bbad1e4f,内からは、寂としてなんの物音も聞こえないのです。,菊池寛,ある抗議書,0.7384
pd41180ca61b7693,そして娘はお母様から頂いた金剛石入りの指環を出して、これをお父様に上げて下さいと申しました。,萠円,正夢,0.4433
pd6a0dfc59ead873,そして再度鍵穴から覗いた時、そこにはもはや、ちゃんといつもの黒猫が坐っていた。,萩原朔太郎,ウォーソン夫人の黒猫,0.5756
pdf28c2e474a91b1,そしてそこには死のような倦怠以外に何もなかった。,葉山嘉樹,海に生くる人々,0.6807
pdd01c7f5fccb16e,粗末なバラックの建物のまわりの、六七本の桜の若樹は、もはや八分どおり咲いていた。,葛西善蔵,死児を産む,0.6233
pdba7fd283127396,すこしよくなったと思って、人をばかにしやがる。,蒲松齢,成仙,0.6068
pdec150105708198,私は、これまでできる限りヨーロツパの詩論や詩も研究して来たつもりであります。,蔵原伸二郎,自序にかえて,0.4177
pde234e83b7f23f3,しばらく耳を澄ましていたが、それ以外には、何一つ聴きとることが出来なかった。,蘭郁二郎,地図にない島,0.6588
pd027633b9db1361,こっちとしたらはやく本格的に取調べてもらいたいところだが、なかなか順番がまわってこない。,西尾正,放浪作家の冒険,0.623
pdb2cad630c04ec5,そして、これも家の庭に咲いたのですと云ってライラックの花を置いて行く。,谷崎潤一郎,鍵,0.6335
pde48d33694c675a,と、しきりにうしろの者を呼ぶ声が薄暮に山彦した。,谷譲次,踊る地平線,0.6145
pde2d915c3f1816f,すぐ眼の前に、白木蓮の大きな花が咲いている。,豊島与志雄,白木蓮,0.7707
pd968437503cd70a,そして久能は自分がこうするのは、真底からは青江を愛し、信じたがっているからなのだと思った。,豊田三郎,リラの手紙,0.5667
pdf89a2bf749b67d,だが然し、住所姓名明記なきものとして、所謂没にはならないのである。,辰野九紫,青バスの女,0.5521
pddb367bc7aa3334,そして、面倒な台所仕事を不慣れな手つきでやり始めた。,辻潤,頸飾り,0.4662
pdb4da4a8faa1639,しかし、もうあそこにいないと言えば、これから行ってみたところでしかたもない。,近松秋江,黒髪,0.6958
pd23b2c500dcc8e1,おもてを流して通る簾売の声が、高く低く聞こえていた。,邦枝完二,歌麿懺悔,0.7138
pd1e37912d825145,いいえ、何の物音もいたしませんでした。,酒井嘉七,ながうた勧進帳,0.5334
pd12f05607b77bbe,風の動く影もない、粛殺たる光景である。,里村欣三,苦力頭の表情,0.5884
pd924a084619f6a0,立花秀子は洋装一点張で、和服と言うものを着た例が無く、それが又自慢の一つでもあったのです。,野村胡堂,流行作家の死,0.5356
pdaa27313d8e8587,玄竜はこういう絶望的な声からのがれようとして、急に腕の間に頭を抱えて耳をふさいだ。,金史良,天馬,0.613
pdd810c68785a020,日が暮れて、みんなが食卓につくと、三びきだけは音楽をやらされました。,金田鬼一,かわいそうな粉ひきの若いものと小猫,0.4729
pd9766c65c6e1892,はかなげに咲き残った、何とかいう花に裾が触れて、花弁の白いのがはらはらと散る。,鈴木三重吉,千鳥,0.7568
pd9d092ae74add74,高くのぼっていた黒煙が、吹きなびかされて板屋の上は、金色に映え冴えて見えた。,長谷川伸,討たせてやらぬ敵討,0.5327
pd142851cf99cd82,向うを見ると、薄っすらと人陰が見えて、糸を繰る音がする。,長谷川時雨,糸繰沼,0.4465
pd3fe2be46428762,女俳優はあべこべに吃驚して、癪を起したなどは滑稽だ。,関根黙庵,枯尾花,0.4349
pd1f72ea6b06bc43,張鎰はじめ皆があっけにとられて見ていると、二人の倩娘の体は急にぴったり引ついて一人の女となった。,陳玄祐,倩娘,0.4493
pd2c8e20edfc5454,リイはあんまり不思議なのに驚いて、棒を取り落そうとした位でした。,香倶土三鳥,奇妙な遠眼鏡,0.4927
pdd4a6e18c117973,私は以上のような者であり、又以上のような場に居ます。,高村光太郎,詩について語らず,0.4952
pdf34b8d4cedfe5a,近時は平易にいってすむことを高遠めかしく説くことが流行である。,高浜虚子,俳句の作りよう,0.4012
pde65b01121b1099,一本が顫え声を出すと、空気の中に顫えて行ってだんだん細くなる。,魯迅,薬,0.5822
pd302f15fbe351b3,とよ子がベッドで外の話声を聴いて、蛸さんて実に名の通りだなどと、おかしげに云った。,鷹野つぎ,草藪,0.6281
pdea0ecef7c4674d,と、そこに、お里もしょんぼり立っていた。,黒島伝治,窃む女,0.7128
pd5ad999ce54ac10,どの家もどの家も白い壁に青い屋根で、その下から青や黄色の電燈がキラキラと光っています。,かぐつちみどり,オシャベリ姫,0.5206
pdd3d734eff3c88b,村の人々は皆、どんな事が起るかと、おそろしさのあまり口を利くものもありませんでした。,とだけん,ルルとミミ,0.5398
pdfa64c862613447,非常に物しりですが、わざわざむずかしいことをいわない。,アナトール・フランス,母の話,0.5177
pd21a075b2232f64,そしてハリスは、ほかの一切のものとともに、それを飲みくだした。,アルジャーノン・ブラックウッド,秘密礼拝式,0.5515
pd3e8a772624e2d0,あなたにはもうなんのお入り用もないではありませんか。,アレクサンドル・セルゲーヴィチ・プーシキン,世界怪談名作集,0.5536
pd9bc5d0b7276eb7,馬車の音が、かみなりの音のように思われてくる。,アントン・チェーホフ,かき,0.6275
pdcd5fda58513a6d,だが、そこにはなにかが欠けているように思われた。,アンブローズ・ビアス,マカーガー峡谷の秘密,0.66
pde42b2e2343281c,しかしそこにも同じように誰もいませんでした。,アーサー・コナン・ドイル,黄色な顔,0.6896
pd7af978a12cc2ef,そんなになったからには息張っていては行けないよ。,ウィルヘルム・シュミットボン,鴉,0.5693
pddf5fe299351bbd,車の音も聞こえないし、むちの鳴る音も聞こえなかった。,エクトール・アンリ・マロ,家なき子,0.7513
pdf67bbdea094d93,私のあとをつけまわり、そのしつこさは読者に理解してもらうのが困難なくらいであった。,エドガー・アラン・ポー,黒猫,0.5751
pdd735495fff4a9f,おかあさんをたずねに一人できたのです。,エドモンド・デ・アミーチス,母を尋ねて三千里,0.5432
pdd3ccd94726f650,時は夏であったが、身にしむように冷えびえする夜で、空はやや暗く曇っていた。,エドワード・ジョージ・アール・ブルワー・リットン,世界怪談名作集,0.6084
pd7b62ff8b0c3958,私はあきれたようにただ茫然と見送っていると、職人はまた話し出した。,エルンスト・テオドーア・アマーデウス・ホフマン,世界怪談名作集,0.5636
pd5811d7ad6bb6d0,すぐに誰かが拾って、にこにこした顔をしておれに渡してくれる。,オシップ・ディモフ,襟,0.5551
pd28f6459147277f,眼を閉じさえすれば、霧に曇った硝子窓から覗き込む水夫の顔を見た。,オスカー・ワイルド,絵姿,0.581
pd226c306854db40,そりやたぶんぼくはこまかいことやなんか忘れるだろうがね。,ギルバート・キース・チェスタートン,共産主義者の犯罪,0.6348
pd3627325c29a973,私は、何も、全く何も考えていなかったのだった。,ギ・ド・モーパッサン,狂人日記,0.6376
pd29963d7eb8f5a7,が、じつのところはそうでないのである。,サキ,第三者,0.5808
pd9466a7bf83dab1,おふたりは、こどものないことを、なにより悲しがっておいでになりました。,シャルル・ペロー,眠る森のお姫さま,0.5883
pd25154f3b7f9d52,見るとまたもや鏡にうつる影は、たそがれの光りをあつめた紫色の霞を透して光っていた。,ジョージ・マクドナルド,世界怪談名作集,0.5732
pdcf42708b131e3f,こうして、前の方を防いでいれば、安楽椅子の両側からは落ちる気づかいはないと思ったからであった。,ダニエル・デフォー,世界怪談名作集,0.519
pdb2d38e59f519cf,外ではこの物語に誘われて、風や電線が長い悲しい唸り声を立てていた。,チャールズ・ディケンズ,世界怪談名作集,0.5753
pd92818ea3800c5d,自分の溜め息の声が、そう思わせるように反響したのでした。,テオフィル・ゴーチェ,世界怪談名作集,0.5842
pdd3235a6276ffba,こんどはえんりょなく食事をすませると、馬はどうしたかとおもってみに行きました。,ド・ヴィルヌーヴガブリエル=シュザンヌ・バルボ,ラ・ベルとラ・ベート（美し姫と怪獣）,0.5624
pd8a001424a8dee7,もっとも、その声は弱よわしく、身のうちに何か病気をもっている人のようであった。,ナサニエル・ホーソーン,世界怪談名作集,0.5639
pdaaaecff4683bb1,とはいえ、これはなんら謂れのあるところではなかった。,ニコライ・ゴーゴリ,外套,0.5829
pd2da899379db718,僕のさがしていたのは持参金じゃなく、またそれが欲しいとも言いやしませんでした。,ニコライ・セミョーノヴィチ・レスコーフ,真珠の首飾り,0.6376
pde3ad9e5e5e8878,そして別荘の窓を、外から冬の夜の闇が覗く。,ハンス・ランド,冬の王,0.5525
pdaca24b1ba33780,もし私がそういうおりに、人知れず茂みの中にでも立っていたとしたら、私にはそれが見えたでしょう。,パウル・トーマス・マン,トリスタン,0.6485
pdca2f31fa7784ad,はじめの琴の音に、鳥どもは歌をうたい止めた、樹々の小枝に静けさが来た。,フィオナ・マクラウド,琴,0.653
pd0e4813a0ef8a15,けれどわたしは、今はそれどころではありませんでした。,フィヨードル・ミハイロヴィチ・ドストエフスキー,百姓マレイ,0.6077
pdb42fde36b0edf3,ところがそこに気の附いた時にはもうあとの祭でした。,フェレンツ・モルナール,破落戸の昇天,0.5695
pd35bef3611ae07b,けれどブラジル人はいつまでもそこにたたずんで、その木をながめておりました。,フセヴォロド・ミハイロヴィチ・ガールシン,アッタレーア・プリンケプス,0.5989
pd019faf1c820395,なんでも十五分間ぐらいもそこにそうして立っていたであろう。,フランシス・マリオン・クラウフォード,世界怪談名作集,0.6139
pd2798fcd2a8f1b6,あいつがここにいる間は、僕は何も言うことは出来ないのである。,フランシス・リチャード・ストックトン,世界怪談名作集,0.6563
pdab26ee7cf11fc2,ねずみはもう十分間に合うところまで達していたのだが、ただもっと素早くその孔に飛びこんでいった。,フランツ・カフカ,火夫,0.6359
pd3df5d26253904b,とにかくその青金剛石はおれが持っている。,フレデリック・ブウテ,橋の下,0.5227
pdf573766720a150,セコンドや時間がどうなろうと、そんな事は、もうこの二人には用がないのである。,ヘルベルト・オイレンベルク,女の決闘,0.5753
pdea9a7eda8fac83,ホテルからは、ナイフやフォオクや皿の音が聞える。,ペーター・アルテンベルク,釣,0.4933
pd1a1a1b8208fbdb,吹きさらしの野、夜明けの暗い人気のない町は、よけい寒さがこたえるのでした。,マリー・ルイーズ・ド・ラ・ラメー,フランダースの犬,0.5867
pd42379ee6e457a0,もうこれで何もかも申上げましたから、手紙はおしまいにいたしましょう。,マルセル・プレヴォー,田舎,0.5563
pd518bc833a76663,そしてこの一秒時が無窮に長く思われて、これを見詰めているのが、何とも言えぬ苦しさであった。,ミハイル・ペトローヴィチ・アルチバシェッフ,罪人,0.6325
pdc1663a61b8d905,私は脱帽してそこに立っていたけれど、もう目がくらんで何が何だか分りませんでした。,モーリス・ルヴェル,自責,0.6635
pd7c0fcd5876e083,そして夜の更けるまで書きものをしていた。,ヤーコプ・ユリウス・ダビット,世界漫遊,0.5614
pdc478b4cf81be56,ころされて死ぬくらいなら、すこしは気のきいた所が、どこへ行ったってあろうじゃないか。,ヤーコプ・ルートヴィッヒ・カール・グリム,ブレーメンの町楽隊,0.6581
pd5ea0468af40c16,窓には白い、透いて見える窓帷が懸けてあります。,ライネル・マリア・リルケ,白,0.6372
pdc75e6ef72cde20,解決を説明するまえに、あらゆる持札を、全部正直にテーブルのうえに並べなければならない。,リチャード・オースティン・フリーマン,「ソーンダイク博士」序文,0.4559
pd92bbb693d0cb9c,音楽師らは俗謡を試みたのであるが、耳を傾けていたお客たちは皆なんとなく恐ろしい気がした。,レオニード・ニコラーエヴィチ・アンドレーエフ,世界怪談名作集,0.6286
pda128afff0d2ac4,こいつらは当然けんかをしなくてはならないのに仲良く暮し合っている。,レオ・トルストイ,イワンの馬鹿,0.5857
pd6c2c9c10186ca9,櫂からしたたる水は、ささやかな琶音や半音階を奏した。,ロマン・ロラン,ジャン・クリストフ,0.6609
pdcab2f8105387b0,なぜって、亀の甲良はおそろしくしっかりしているじゃアないか。,ロード・ダンセイニ,兎と亀,0.5063
pd23d82f4fea0ce4,ただ家に近づくだけで、わたしは幸福の気配を感ずる。,ワシントン・アーヴィング,妻,0.4404
pdd781b797493cd0,ところで、こどもたちはまだ目があいていて、この話をのこらずきいていました。,ヴィルヘルム・カール・グリム,ヘンゼルとグレーテル,0.5857
pd933e3a54d7e587,なぜならそれらは、そこに何か曰くがありそうに思えたからです。,三上於菟吉,黄色な顔,0.6289
pd55ff2e174b9201,私がゴッホをとらえるのに一番困難を感じたのもこの点であった。,三好十郎,ゴッホについて,0.5435
pddebd93ae49c743,父もまた船長でしたが、ホーソンの小さい時になくなりました。,三宅幾三郎,ワンダ・ブック――少年・少女のために――,0.4186
pd4a0a1852c56e7c,お浪にたべさせたいとおこしらえ遊ばしたの。,三宅花圃,藪の鶯,0.542
pde4c8d1baeec5f8,いかにも私の身体は他人の倍ぐらい肥っているが、背丈けは半分しかないから当り前の人間と同じことだ。,三鳥山人,豚吉とヒョロ子,0.5348
pdafadbe91504ceb,私のいらだたしさはそこから端を発しているのだ。,上田広,指導物語,0.6064
pdc864eda3c9e4b3,しかも時代の変遷はおのずから節奏の変化を促し、旋律は同じでも、拍子が速くなる。,上田敏,『新訳源氏物語』初版の序,0.4391
pdcd59a8af61157e,と、さっきの老女の声が、また法師の耳もとでしました。,下村千秋,壇ノ浦の鬼火,0.5784
pdc86c6d754a5287,一家を負ってなさねばならぬ用のふえたことは申すまでもない。,与謝野晶子,『新新訳源氏物語』あとがき,0.4772
pd66857fdb578163,窓ぢかくにおいて突然ドエライ音響がした。,丘丘十郎,空気男,0.6098
pd20bb6192b0219c,むしろ、メカニズムの文学の一つとして、私達は探偵ものを注意すべきであろう。,中井正一,探偵小説の芸術性,0.4976
pd2af6a1bacf15ad,先方へ行けばきっと大切にされますよ。,中島孤島,杜松の樹,0.4164
pdf473e6d5da53d4,数日後、子路がまた街を歩いていると、往来の木蔭で閑人達の盛んに弁じている声が耳に入った。,中島敦,弟子,0.6216
pd797a925ca56ec3,少々気恥しくもあるが、あの程度の甘いものが、ちょうど身に合っていたのであろう。,中谷宇吉郎,詩人への註文,0.5006
pd4fd4b36b15486a,けれども、ただ客を延いては話を聞くだけで、丹後守自身には何もこれと自慢めいた話はない。,中里介山,大菩薩峠,0.6418
pd4ea209618556a4,とにかく、やたらになさけなかったのです。,久坂葉子,幾度目かの最期,0.6285
pd09240290f3e8e7,俺は玉紫陽花の咲いている叢にしゃがんで息をころしていた。,久生十蘭,湖畔,0.6764
pd9fcb07b203c1bf,そして久野は初めてこの時嵐のような喝采が水上に鳴り響いているのを聴いた。,久米正雄,競漕,0.6128
pdec9dc1b4543f51,ヒュウと悲しい音を立てて、空風が吹いて通る。,二葉亭四迷,平凡,0.5924
pd50e06781ee1f5c,幾度も門を開け閉てする音がしたあとで、門の中はひっそりとしてそよとの声もない。,井上紅梅,白光,0.6318
pde587fe8b7bde5b,どうしたわけでこんな事をするかと云うと是はりんきの始めである。,井原西鶴,元禄時代小説第一巻「本朝二十不孝」ぬきほ（言文一致訳）,0.4606
pd4a5c6f819dd12d,五年目の暮れに勤続賞与として虱の首縊りする様な反物を一反と五寸四方の紙片と二円貰ったきりだった。,今野大力,トンカトントンカッタカッタ,0.4364
pdfe232fd5982b82,夕靄の奥で人の騒ぐ声が聞こえ、物打つ音が聞こえる。,伊藤左千夫,春の潮,0.6924
pd3a72e71c4321cd,しかし、それは抵抗というほどのしぐさではなかつた。,伊藤永之介,押しかけ女房,0.5749
pd5b236bb1d21583,しかし登志子は何もいうことが出来なかった。,伊藤野枝,わがまま,0.5852
pd5c814c41ff753d,唖なら耳が聞こえねえはずだが、こっちのいうことはちゃんと通じているんだ。,佐々木味津三,右門捕物帖,0.6572
pd154cc6308a85ff,そして私は、荒っぽい男の一団につかまえられて、しばらく無遠慮にゆすられた。,佐々木直次郎,早すぎる埋葬,0.5528
pdce555e06dd154a,喇叭のようなものを耳に当てがって、大きな声を出さなければ聞えない。,佐々木邦,いたずら小僧日記,0.6413
pd8c1d85ee0b0b2b,最初は自分で便所へ立っていたのが、それさえできなくなってきた。,佐左木俊郎,或る嬰児殺しの動機,0.6887
pdeb2635505bcce1,使者が門前へ着くと、そこに青い衣を着た一人の少年が立っていて、その用向きを問うたのである。,佐藤垢石,支那の狸汁,0.6553
pdeddacd55a7ae73,私はこの時大へん興奮して、何と言っていいのかわからなかったので、ただ言った。,佐藤春夫,故郷,0.6328
pd90a3c33cccd296,いままでこらえこらえた腹だたしさと悲しさと全身のいたみが、急にひしひしとせまってくる。,佐藤紅緑,ああ玉杯に花うけて,0.6324
pdd0b87a8f7ac417,科学者は溜息をついて、側を見ると、そこにはファラデーの暗界の如き夜店が眼にうつった。,佐野昌一,科学者と夜店商人,0.5572
pd851abaefca119f,主上はいつの間にか此の噂を御ききになってからは一寸も今までの様に御召にならなかった。,作者不詳,「平家物語」ぬきほ（言文一致訳）,0.494
pda34e10c15c3786,花の吉野の落花の雨の代りに、大和路で金銀の色の夕立雨にぬれたのであった。,児玉花外,菜の花物語,0.5573
pd7356f0936f5e97,じっと耳をすましていると、どこかに助けを呼び求めている声が空耳に聞えて来るのでした。,加能作次郎,少年と海,0.6588
pd166dc90ef24f65,進退全く谷まった、喚声はもう耳もとで聞こえる。,北条民雄,いのちの初夜,0.6746
pdb571452c344583,雨もよいの空はもう刻々と薄暗くなっていた。,原民喜,廃墟から,0.7532
pd04cb26d93397b1,叫び声が聞こえ、まるでだれかが乱暴にドアへぶつけられたようであった。,原田義人,火夫,0.6093
pdc798ff97c98852,――また、或る晩は、山陽の居間で金をかぞえる音が聞えた。,吉川英治,梅颸の杖,0.5361
pdfac1f4b5287f2e,あたりの騒がしい物音を突きぬけて、ガーンと鉄材が鉄材にぶつかる恐しい音響が強く鼓膜をうった。,吉田甲子太郎,秋空晴れて,0.583
pd5bc6647eb2b441,突然、ユーストンの街路の銀鈴の響が尾をひいて、馬の踵の音が静寂な空気の中に運命的な号びをたてた。,吉行エイスケ,バルザックの寝巻姿,0.5899
pd3209f8467f50a9,しかし先生の歌は、その巧みさを少しも感じさせないほど巧みな域に達していると思う。,和辻哲郎,歌集『涌井』を読む,0.4718
pd850078630c943d,無人島でない事はその山よりも高い空で雲雀が啼いているのが微かに聞こえるのでわかる。,国木田独歩,忘れえぬ人々,0.6944
pd3b7b4e383b4e80,木芙蓉の花が咲いているかと思うと、九輪草の花が咲いていた。,国枝史郎,生死卍巴,0.7495
pd52a2dbaa95e109,ひとと喧嘩をしなくてもいいから牙なんぞは入り用がない。,土原耕作,豚と猪,0.4536
pd5e11f4e5fea2e9,古びた縁がわに、お日さまの光が一ぱいにさして、雨戸はかたく閉められてあります。,土田耕平,峠,0.5731
pd0a95d3506020b4,花の咲かない頃はよろしいのですが、花の季節になると、旅人はみんな森の花の下で気が変になりました。,坂口安吾,桜の森の満開の下,0.6834
pdf2aec2464c2432,――弘はときどき足を投げ出して、仰向けに寝ころんでは、娘たちの笑い声にじっと耳をすます。,堀辰雄,三つの挿話,0.6329
pdd67d52614f4bc3,聞こえないようなまた聞こえるようなピアノの音が、時々二人の耳を掠めに来ます。,夏目漱石,行人,0.7164
pdd62385021b9bde,庭隅には、紫のかっこう花も咲いている。,外村繁,澪標,0.7208
pd97fe7c4a817dea,向うでは聞こえないつもりらしいが、よく聞こえる。,夢野久作,超人鬚野博士,0.7366
pd6d416974bcfeba,果して殺されたのかどうかは分らないが、死体は遂にどこからも上らなかった。,大倉燁子,素晴しい記念品,0.4228
pd794c71c2c4ae4e,そして、窮屈な扉から客室の方へもぐり降りて行った。,大庭武年,旅客機事件,0.4769
pd1edcb30bb42d10,夜なかに、ふと目をあけてみると、俺は妙なところにいた。,大杉栄,鎖工場,0.5461
pdddf9b27efd49ab,またもそれを捉えて、その翅と躯とに紅を塗り、前よりもずっと家から遠い処へ持って行って放した。,大谷正信,蠅のはなし,0.4501
pd84c7cca1b6bf97,しかし、ここで私は、いつまでもボンヤリ立竦んでいるわけにはいかない。,大阪圭吉,寒の夜晴れ,0.6326
pdc91339097b7987,なかには明かに跛をひいている者もいた。,大鹿卓,金山揷話,0.5404
pdd4cb8f53f26a57,私の目は、ただ大きいだけで、なんにもならない。,太宰治,女生徒,0.739
pdbafc6985825dd4,呼んだあとで耳をすまして返事をまった。,妹尾アキ夫,第三者,0.5295
pd1eed2412c4e61c,何故頓狂な声でいったかというと、旅人は生憎お経の文句なぞ少しも知らなかったからでした。,宇野浩二,でたらめ経,0.4921
pd8df76a9448394b,だが、宵っ張りの町々は目ぶた重く、まだ眼ざめてはいない。,安西冬衛,大阪の朝,0.4206
pd8ab7045fe97051,すくなくとも、全訳としてはこの拙訳が最初ではないかとおもう。,宍戸儀一,フランケンシュタイン,0.4338
pdbc14c2ccf47a8b,ですからわたし、この判決をもう少し軽くしてあげましょう。,実吉捷郎,トニオ・クレエゲル,0.6027
pd602fd878fb29da,と、また、あとは死んだも同様の動かない姿がいつまでもそこにながく止っているのでした。,室生犀星,寂しき魚,0.6545
pdd22b3f6298297e,けれどもそんな時には穴へ引込むものだよと、小さい時から母さまにおそわっているのでした。,宮原晃一郎,椰子蟹,0.5733
pdc9bbe833b2cb64,店の中に風が吹きこんで来るとたんに、さんばそうの目がくるりとひとつまわりました。,宮島資夫,清造と沼,0.5722
pdfc788bfa71a386,お咲は、咲二を人の物笑いにさせたくなかった。,宮本百合子,日は輝けり,0.7428
pd8b3bbffa611763,草には露がきらめき花はみな力いっぱい咲きました。,宮沢賢治,土神ときつね,0.7341
pd5858b0fbd8b64a,四月の雨は止んで、桃色の雲はあざやかに浮びあがり、その中心を西の方へ惹いていた。,富ノ沢麟太郎,あめんちあ,0.5799
pdec305a39860cbe,藤三は何にも言わずに、その金をミチに貸した。,富田常雄,刺青,0.5669
pddc4ab4700c1e63,家に入ると、姉は私を待ちあぐんで、既に独酌の盃を重ねているのだった。,富田木歩,小さな旅,0.4435
pdc080fb22e00737,が、離れて暗闇の海に漂うと、やっぱり心細い。,寺島柾史,怪奇人造島,0.5833
pd1b6ec7a545e3b9,ただその時代にはそれがまだ寂滅の思想にしみない積極的な姿で現われている。,寺田寅彦,俳諧の本質的概論,0.5634
pd483f9e825b88cb,ああ、わしはどうして孫をあんな恐ろしい所へ遣ったんだろう。,小山内薫,梨の実,0.4969
pdd79a0faff10f67,私はひとと話の間のもてない方であるが、そこに酒というものが入れば、またべつである。,小山清,犬の生活,0.6589
pdac816021d76a52,赤い花や青い花や、白い、いい香いのする花がたくさん咲いていました。,小川未明,花とあかり,0.8082
pd14406a49fedb06,俺はその前を通ったとき、フトその一つの独房の中から低いしわぶきの声を耳にした。,小林多喜二,独房,0.6857
pd7e43546089919c,すると突然、ひゅうひゅうというすさまじい声が、空から聞こえてきた。,小栗虫太郎,紅毛傾城,0.6478
pd98b364680c693b,中仕切の格子戸はあけたまま、さらにお光に談しかけるのであった。,小栗風葉,深川女房,0.4821
pd3e622c6e57f51b,――その部屋の数の多い事は限りがない程で、それがみな空でした、しかし非常に立派でした。,小泉八雲,忠五郎のはなし,0.6072
pd54cdbb88fe49f5,同一平面上にある二つの直線は、之を充分に延長させれば必らず相交わるか平行するかの二例を生じる。,小舟勝二,扉は語らず,0.4653
pdaa352e0fdd4ae1,心働計の音以外に、耳に妙な音が聞える。,小酒井不木,恋愛曲線,0.7005
pdd9acbef856d973,イヌは、はっと目をさまして聞耳を立てました。,小野浩,金のくびかざり,0.5289
pd652d04f224690b,夜あけ前から降ったり、やんだりしていた雨がいよいよ本降りになった。,尾崎士郎,十三夜,0.6695
pd487fef26d66353,中谷なら髪を長く伸している筈ですのに、いま映った影法師はたしか毬栗頭だったではありませんか。,山下利三郎,流転,0.5326
pd2a8f500f0a44fc,ぼくが上京をおもい立ったのは、それからまもなくのことであった。,山之口貘,私の青年時代,0.5735
pd99427432032e45,すると、真上の部屋の同じ場所でもコックを引き、水をながす音が聞こえてくる。,山川方夫,お守り,0.7164
pd00c43e08c707f0,寧ろ自分への愛だ等と推断するのは、父への冒涜だと思った。,山本勝治,十姉妹,0.5132
pd90bd992dc965fd,おそろしいとも思ったけれど、もっと強く私は自分の生き甲斐をそこにたしかめた。,山本周五郎,日本婦道記,0.6144
pde903cf9714896d,もはや酒の力を借りねば仕事をつづけてゆくことができなかつた。,山本政喜,荒野の呼び声,0.457
pdcd2e47d0882cca,果たしてそこに一枚のかきつけが隠されてあった。,山本禾太郎,抱茗荷の説,0.6642
pd347e3ade174269,奇妙な事もあればあるものだと、その晩はそれなりに寐てしまった。,岡崎雪声,死神,0.4952
pd4d037dd6c8faf8,公園や会堂の墻の内に葉は多葉でロウソクを立てたような白い花が咲く樹を見受ける。,岡本かの子,マロニエの花,0.705
pdde92162ebfd69f,耳をすますと、がさがさという音は庭さきの空地の方から低く響いてくるらしい。,岡本綺堂,穴,0.7457
pd98da2d665f3629,色や光や臭いという方面から突込むのも面白いが、この話は音の怪に属する。,岩村透,不吉の音と学士会院の鐘,0.4833
pd5df66090c1f3c2,僕の坐ったうしろの方に、広い間が一つあって、そこに大きな姿見が据えてある。,岩野泡鳴,耽溺,0.6707
pd033579c8577d96,かつてはさほど印象の鮮やかでなかった個所が、とつぜん、いきいきとわれらの眼前をよぎるであろう。,岸田国士,「ぶどう畑のぶどう作り」後記,0.5346
pd5d9d2761142574,ビッショリ汗をかきながら家へ戻って見ると、その年も畠に咲いた馬鈴薯の白い花がうなだれていた。,島崎藤村,岩石の間,0.661
pd64996109112532,私は耳をすましたが、裏には依然それらしい音は何もしなかった。,島木健作,黒猫,0.6605
pd9a0ff9e880dbf6,ひと頃の私を知る人は変ったと思うだろうし、又、自身でもそうと感じて生きている。,島秋人,遺愛集,0.452
pdcb59489c484726,怒るのを一々断わるものもないものだ。,川上眉山,書記官,0.5369
pd879eba79f6967f,私は何もそんな覚えはありませんし、こんな人から調べられる理由はないんですの。,川田功,偽刑事,0.5678
pd8d4b181a659d7d,が、いざ集めてみると、それはきわめて小額であった。,平井肇,外套,0.5532
pdf3ac9731c5375e,けれども、今度という今度は、私には何ともあてがつきませんでした。,平林初之輔,悪魔の聖壇,0.5766
pdeb752ab9defc43,外は真暗で、雨の音は例の如くザアッとしている。,幸田露伴,観画談,0.6716
pd2d011b38cbdc7b,胸まで持ちあげただけでも、充分であった。,徳永直,あまり者,0.6021
pd5df0e8379c2ffd,声は何ほどの反響をも起さないで、淋しく山の空気に掻き消えた。,徳田秋声,爛,0.6667
pd9d0fd80dfff2f7,痛さは非常であったが、それでも声はあげなかった。,戸川明三,耳無芳一の話,0.5723
pd20e3db460e9972,空が水色で雨でも持っていそうな模様だった。,戸田豊子,歩む,0.5249
pdc363df72a767e9,若し宮中へさし上げる段になれば、実父に打ち明けねばならぬのだが、其も何となく気の進まぬ事である。,折口信夫,反省の文学源氏物語,0.5371
pdc98c860372dacb,然るにこの流星に関し、花の様に美しい一人の少女が、世にも面白い手柄を立てた話がある。,押川春浪,黄金の腕環,0.4285
pd2e2020698e0ea8,ごーごーとなる風のすきまに、巨男のつちの音がかすかに聞こえてきました。,新美南吉,巨男の話,0.6852
pd8a179f6f63973f,ただ水をくれたりして親切にしてくれるものは親方だけでした。,日本童話研究会,母を尋ねて三千里,0.5231
pda6ba6b1d15ba46,烏の声と鶏の声とが遠くの方から引きしまった空気を渡ってガラス越しに聞こえてきた。,有島武郎,フランセスの顔,0.7054
pd76a95a3b7665fe,にせものという言葉は、しかし、蓮月焼のばあいではあたっていないこともある。,服部之総,蓮月焼,0.4512
pd4198152a51e067,こっちの火勢がよわければ、今にもとびかかろうかという気配が見えた。,木内高音,くまと車掌,0.5865
pd8f8c28f69c0dd2,だらしのない日ごろの唇が今は両方にきりっと引き緊り蒼ざめた頬がぴくぴくひきつっていた。,本庄陸男,白い壁,0.6111
pd347f2228e89c7f,そして、その時刻が、丁度天総寺の方からこの長念寺に歩いて来るだけの時刻を隔ててやって来ている。,本田親二,□本居士,0.4499
pd589f423c19195d,けれども家中は今、上を下へと混雑しているところでしたから、気の付く者は一人もありませんでした。,杉山萠円,白髪小僧,0.5883
pdd1d1251c12a5b7,其点大方の寛恕を乞い私の味読のしかたに誤あらばドシドシ御教示仰ぎたい。,杉田久女,女流俳句を味読す,0.4146
pdbb15bc0e9c16c3,途中一二人の友人を訪問したのはただこれが口実を作るためである。,李光洙,愛か,0.54
pdab1940ef910bc0,いつも耳きょとんと欹て、すたこらすたこら駈け歩いて、可愛い奴だ。,李孝石,蕎麦の花の頃,0.5777
pdcaef1dde1c3c3f,しかし、続いてすぐに一つのでき事があつたのでそれですつかり事情が明らかになつた。,村崎敏郎,共産主義者の犯罪,0.584
pd4418817585b53c,倫敦は軈て芳香高い薔薇の咲く頃となった。,松本泰,Ｐ丘の殺人事件,0.6153
pd9cfa430a59e999,森の人たちは一同しずかに立っていた。,松村みね子,琴,0.5596
pdf93d5e56a98553,非常な努力を以てでなくては出来ぬ、蹲んだ儘の縊死を、この機会に私は初めて実見したのであった。,松永延造,ラ氏の笛,0.5827
pdbe0d9413b8a0c2,雨に眠る巷の、真っ暗なたたずまいである。,林不忘,つづれ烏羽玉,0.7297
pdbe90208205b6a3,裏口の生垣に咲いているこでまりの白い花の泡が、洗濯物のように、風に吹かれていた。,林芙美子,河沙魚,0.7065
pde24bc60f6c4e2e,私は歩をゆるめながら、そこに近づいた。,梅崎春生,桜島,0.6545
pdf0113e50213827,ついでに、私の咳がやはりこんな風に聞こえるのだろうかと、私の分として聴いて見る。,梶井基次郎,交尾,0.678
pd99abb22ffe8b50,そしてその要求がこの本で十分に充たされたのでございます。,森林太郎,『新訳源氏物語』初版の序,0.5684
pd44aba2acebf69e,小平太はしばらくそこに立っていたが、だいぶ手間が取れるらしく、奥からは何の沙汰もない。,森田草平,四十八人目,0.636
pd95c70c3b4abcb4,学校はこの村落共同体のまんなか、森から四マイルほど離れて立っていた。,森郁夫,秘密礼拝式,0.5464
pdc006a30248a80c,表庭の百日紅に、ぽつぽつ花が咲き始める。,森鴎外,鶏,0.7337
pddf1e7b63716e27,仲間の声はかすかなつぶやきのように聞こえていた。,楠山正雄,家なき子,0.708
pd26b16c9383e632,ぱッと音立てて朝開く花の割れ咲くような笑顔だった。,横光利一,微笑,0.6602
pd7277a959e6695c,音響がひどく烈しく、段々近く聞えて来た。,橋本五郎,自殺を買う話,0.6337
pd462a57c995435b,ワッと泣き出す声や啜り上げる声が、一時にそこここから湧き起ってきた。,橘外男,生不動,0.5613
pd1c45f5f7c29650,武州公は現代人の姿をもって現われているのである。,正宗白鳥,武州公秘話,0.4145
pd5f72aa59f691ba,談林も振わぬながらに少しはやっていたようですが、京の方にはさっぱり善いも悪いも俳人がないです。,正岡子規,俳句上の京と江戸,0.5162
pd74f3e355fc8554,いいえ、私も近来は駄目なんだが、今夜はあまりうれしいから進んでひと口いただきますよ。,正岡容,初看板,0.5315
pdbe5ba684a88484,森閑として木下闇に枯葉を踏む自分の足音が幾度か耳を脅かした。,水上滝太郎,山の手の子,0.5664
pd0841ba38b66547,けれど、どの服を着て行こうか、それをきめるのが大変でした。,水谷まさる,シンデレラ,0.5626
pdf47098cc46ca9c,不意と暗の中で、耳近く瀬の音が聞こえた。,水野葉舟,遠野へ,0.7143
pdcef894370aa077,曼珠沙華の真赤に咲いている道のとある曲角に、最前から荷をおろして休んでいた一人の婆さんがある。,永井荷風,買出し,0.6192
pd8055341145def9,こんなじゃ次に何時来るか知れやしねえ。,永崎貢,組合旗を折る,0.4741
pd38872b94fbccad,穴の中の遠くの方から、なにか人のうごめくような、かすかな音が聞こえてくるばかりです。,江戸川乱歩,魔法博士,0.7696
pd424f32deb6b37b,けれどもここに奇怪なのは、駈込んだ若者が、一人として無事には出なかった。,江見水蔭,怪異黒姫おろし,0.6067
pdd0751920d531e3,よっぽど古いお話なんで御座いますよ。,池田蕉園,「ああしんど」,0.4462
pd5e66a4d823e45e,川がありまして、土堤が二三ヶ所、処々崩れているんだそうで御座います。,池田輝方,夜釣の怪,0.4212
pd9dc5ca36aefbf9,ラジオがこの人混みの中で、静かな小夜曲を奏していた。,池谷信三郎,橋,0.6133
pd82a1916fc0f39e,そして鐘の音が一つボーン……と鳴ると、その怪しの足音は一方へ動く。,沼田一雅,白い光と上野の鐘,0.5589
pd9227f182d6f2f2,ね、そして何かい、学校のお庭に咲いてるのかい。,泉鏡花,化鳥,0.6773
pdbfcbeb541fc14d,しかし、少くも二つの原因らしきもののあったことは、誰しも認めないわけにはいかなかった。,浜尾四郎,黄昏の告白,0.6212
pdb87d327a1115db,ちえ子さんの白椿は日に増し淋しく悲しくなって来ました。,海若藍平,白椿,0.5062
pd1ee52b02000ef8,わが耳に、遠くで人がいい争っている声が聞こえる。,海野十三,海底都市,0.7465
pd995394047bbfbc,風をまじえた雨の、雨戸へふきつける音が聞こえた。,渡辺温,勝敗,0.6447
pd9298319854cc0a,ただそのたえいるようなしらべにうっとりとなるばかりです。,火野葦平,人魚,0.6013
pd15e48ff599aab5,後家である母はむすこだけをたよりにしていた。,片山広子,ジェミイの冐険,0.5335
pdf7a43c744eaebe,俺は用意したビラを、上衣の下で握りしめた。,片岡鉄兵,今度こそ,0.4909
pd3fc3d9a23dde44,いまとなってはただ、そこにたんなる推定が許されるにすぎない。,牧逸馬,女肉を料理する男,0.6443
pdc406a52028f14e,澄み渡った青空に、鵙の声が鋭かった。,牧野信一,鬼涙村,0.6363
pd6f3b303f312484,まる二十ヵ年の私の不在の間に、ここの家は空家になってしまっていた。,犬田卯,一老人,0.6164
pd9d7fbe0b3aaee6,けれども、その際私はそれを口へ出す勇気もなかったし、そんな気持にもなれなかった。,田中早苗,ペルゴレーズ街の殺人事件,0.5981
pd660415fabf58d2,私はそんなに言うのなら、そこにやるのもよかろうと思った。,田中英光,野狐,0.6004
pd808c9641a8123f,友仁の耳へはその音が遠くの音のように聞えていた。,田中貢太郎,富貴発跡司志,0.7581
pd3210617986834f,聞こえたに相違ないが振り向いてもみない。,田山花袋,一兵卒,0.6625
pd297af345545bca,ひる間、僕は何度もそこへ寝っころがりに行った。,田畑修一郎,石ころ路,0.5994
pd38b0eafd325a4d,しかしもし本当に魅されているのなら、この若者は叱るよりむしろ憐むべきものであった。,田部隆次,忠五郎のはなし,0.5136
pd75f99f7ba9e461,あたしお次室に坐っていると、書生部屋で二人が大声でいい争っているのがよく聞こえるのでしょう。,甲賀三郎,ニッケルの文鎮,0.606
pd9726b9218e4c7d,あたりは芒が生いて、月見草が自然に咲いている。,白柳秀湖,駅夫日記,0.6818
pd5c374c1902cf39,そして、今、それを完成しようとしているのであった。,直木三十五,ロボットとベッドの重量,0.5842
pd75eb2e0f12a939,自分の生れた家が、ついここから一里半しかない所にあるんじゃないか、そうさ。,相馬泰三,田舎医師の子,0.6502
pd7405af6a0ea333,初対面ながら甚だうちとけて、女は自分の身の上を明かした。,瞿佑,世界怪談名作集,0.4714
pd286764969ab3b2,こうはいうものの娘がいないとて、夢いささかふさぐなぞということはなかッた。,矢崎嵯峨の舎,初恋,0.5342
pdc4b259523f1c74,しかし、それでも、なんのききめもなさそうです。,矢崎源九郎,こわいことを知りたくて旅にでかけた男の話,0.5692
pdb8ecb2bec1d37c,澄んだ空気の中にその声はこだまして長く尾を曳き、いつまでも空に漂うているようだった。,矢田津世子,茶粥の記,0.6497
pdc40436f8d7193a,わたしは、それまでマレイを知ってはいましたが、一度も口をきいたことはありませんでした。,神西清,百姓マレイ,0.5876
pdc810e3385b3912,始めのうちはその声はやや低かったが、喋ってゆくにつれて、それもだんだんしッかりして行った。,秋田滋,墓,0.5491
pdb03d2065064045,多助と太郎右衛門は、高い声で話をしながら坂を登って行きました。,秋田雨雀,三人の百姓,0.5006
pd9e1924c7bab509,いつしか、うっとりとして夢みごころになる。,種田山頭火,夜長ノート,0.6321
pdc0f4a7f1197594,窓はすりガラスで、外部はよく見えない。,窪田空穂,遺愛集,0.5431
pd7441afbd1343a5,三宅坂の水揚ポンプのわきに、一本の日輪草が咲いていました。,竹久夢二,日輪草,0.611
pdd67c250b02aa9b,なにをして生きたものか、さっぱりわからなかった。,竹内浩三,愚の旗,0.5352
pd4da8968ba6821b,しかも、その直接な結果として招致すべき人類の滅亡さえも、当然の事態とまで極言しているのである。,米川正夫,クロイツェル・ソナタ,0.4454
pd143ec6f2a560ac,うすぼんやりしたような夜で、急な河の水音ばかりが、はげしく強く耳に入った。,素木しづ,惨事のあと,0.7146
pdbadc4f28f61311,お宮では銀杏が黄ばみかけ、お寺には萩が咲いていた。,細井和喜蔵,モルモット,0.5999
pd03c0833e82175f,静寂の音が耳の奥で激しく鳴っている様だった。,織田作之助,ひとりすまう,0.6525
pdd82902290c1a63,之が一等支出が立た無くて好いのだが、只此風に、耐える。,羽志主水,越後獅子,0.5245
pd4fd9bb2f895919,雨脚の強弱はともかくも、女は雨止みを待つもののごとく、静に薄暗い空を仰いでいた。,芥川竜之介,路上,0.7052
pdbed328875b5033,其処ではラジオの拡声機が長唄か何かを放送していた。,若杉鳥子,棄てる金,0.5654
pd025e28766029fa,ただそこに、晴々した精進の心があるばかりであった。,菊池寛,恩讐の彼方に,0.6907
pd74f9dfff483c46,何かの突飛な洒落のように、夫人の言葉が聴えたからだ。,萩原朔太郎,ウォーソン夫人の黒猫,0.5713
pdaffd4a7a7ef7c0,そして時々、耳から耳へ、何か囁かれた。,葉山嘉樹,労働者の居ない船,0.6765
pdbfa53a43be495b,ほかに来る人ってもないんだから、このままだってかまやしませんよ。,葛西善蔵,父の葬式,0.6155
pd1d686a3a80d168,そして道を聞くこともできないので、ただ南の方の山を望んでいった。,蒲松齢,嬰寧,0.5874
pdbd07cd4cd26876,はからずも権威ある読売文学賞を受賞して驚くとともに、たいへんうれしく思つています。,蔵原伸二郎,自序にかえて,0.4143
pd3f67e8d9fc38a0,時折、月に遠吠えする犬の声の間に混って、久しぶりに聞く浪の音も聞えていた。,蘭郁二郎,睡魔,0.648
pdcbfc23c8a11867,なにか殺伐な事件がなかでおこりつつあるに相違ないと直感したのだ。,西尾正,放浪作家の冒険,0.5713
pd6e4365246e4882,だが庄造はそんな云い草は取り上げない方がよいと思って、そのつど断っているのであった。,谷崎潤一郎,猫と庄造と二人のおんな,0.599
pdf04012b2a6df13,があっと音のするような感じで瞬く間に空がくもるのだ。,谷譲次,踊る地平線,0.5973
pde858bab095907f,夜遅くぼんやりしてると、耳の底にこびりついてる音に、我知らず聴き入ってることがあった。,豊島与志雄,幻の彼方,0.749
pd80b510fa48faf1,しかし前とこれも同じ様に、取あえず、と認められてあった。,豊田三郎,リラの手紙,0.5477
pd99f65098669894,恰度日曜なので、気軽に僕が応対に出たものだ。,辰野九紫,青バスの女,0.5411
pde36cf5460b273e,自分の美しさにすべてを打ち忘れ、勝誇った色をあくまで面に顕わした。,辻潤,頸飾り,0.4556
pd6e81e96a53f0e5,もうどんなことがあってもここを立ち退かないのだから、いつまでもここに居据っていましょう。,近松秋江,霜凍る宵,0.6398
pdac3e8d6274ba2d,庭には虫の声もなく、遠くの空を渡る雁のおとずれがうつろのように、耳に響いた。,邦枝完二,おせん,0.6867
pdd40484091b94c6,別に何も、変った事とてはございませんでした。,酒井嘉七,ながうた勧進帳,0.5234
pd75782eba273c57,何かの悲鳴を聞いたようにも、またそうでないようにも思われた。,里村欣三,放浪の宿,0.5882
pd335554b6106911,窓を開くと、冷たい風が颯っと流れ込んで、宗三郎の熱した頭を心持よく冷やしてくれます。,野村胡堂,猟色の果,0.5207
pd30d0baeef0651b,だが月どころか小雨がしょぼしょぼと降り始めた。,金史良,天馬,0.6038
pd92641e5bf0c741,朝になって目がさめたら、もう三日という日がたっていて、六頭だちの馬車がやってきました。,金田鬼一,かわいそうな粉ひきの若いものと小猫,0.4618
pda798e562bc9d47,どこかの石垣に咲いていたんだそうです。,鈴木三重吉,千鳥,0.6983
pd6e55050e6365b7,盤木を叩く音が息忙しなく、頻りに流れていた。,長谷川伸,討たせてやらぬ敵討,0.524
pd98fa4b97153961,張鎰は驚いてその後から踉いて往った。,陳玄祐,倩娘,0.4448
pd3c6bc01c771618,しかたがないのでみんな坊さんにあやまって、うちへ帰ってしまいました。,香倶土三鳥,ツクツク法師,0.4881
pd48a067e9c1a718,こういう風に私はどうしても彫刻で何かを語らずには居られなかったのである。,高村光太郎,自分と詩との関係,0.486
pdef1609155b5698,あいつの話では、この大清の天下はわれわれの物、すなわち皆の物だというのだ。,魯迅,薬,0.568
pd78037ff189a4d9,とよ子は口ごもって、何も答えられずにいた。,鷹野つぎ,草藪,0.5977
pdf3a04a27834f23,ワーシカは、ポカンとして、しばらくそこに不思議がりながら立っていた。,黒島伝治,国境,0.6703
pdac7be1edb916df,文章は平明で微妙で調子が整っていて、その上自然な重々しさをもっています。,アナトール・フランス,母の話,0.5173
pd5d9d3be8213ca1,やがてヤアギチが電話をかけているのが聞こえた。,アントン・チェーホフ,大ヴォローヂャと小ヴォローヂャ,0.6098
pd6fe72a7ebb71b4,音階の両端には、人間の耳という不完全な機械の鼓膜には震動を感じられないような音符がある。,アンブローズ・ビアス,世界怪談名作集,0.6083
pd7872ddd4c48197,そして僕はそこに、まったくどちらからも隠蔽して、全くいい気持で横になった。,アーサー・コナン・ドイル,空家の冒険,0.6711
pd8dfb17bb052515,風のうなるほかになんの物音も聞こえなかった。,エクトール・アンリ・マロ,家なき子,0.7471
pdbd059b0dfcd82b,また自分がなにか堅い物の上に横たわっているのを感じた。,エドガー・アラン・ポー,早すぎる埋葬,0.5719
pdf772356ee2f9d2,したが一つだけあの人たちは知つていました……それは実務でした。,ギルバート・キース・チェスタートン,共産主義者の犯罪,0.6263
pd247aeeb636582d,わたくしは何ものも、何ものも望まなかったのであります。,ギ・ド・モーパッサン,墓,0.6332
pd7ef177917c0717,なにもかも、この上もなくけっこうずくめなものばかりでした。,シャルル・ペロー,青ひげ,0.5768
pd1347fd46f376b2,すると、私は作家になるほか道がないと思うのです。,ナサニエル・ホーソーン,ワンダ・ブック――少年・少女のために――,0.4965
pd0154dbc34095d5,しかし、それはかえって悪くするばかりだと申しあげているのです。,ニコライ・ゴーゴリ,鼻,0.5561
pdc91c8dd0e7bbf7,そしてそれを楽しみにして待つよりほかには、なんにもしなかった。,パウル・トーマス・マン,トニオ・クレエゲル,0.6407
pd0603d8ba1b397a,ヤソが物を言わないうちに、室内は音楽に満たされた。,フィオナ・マクラウド,最後の晩餐,0.6004
pda0dfa595acd5d0,今の今まで、そんな人形を見たこともなければ、そんなのがあろうとは夢にも知らなかったのだ。,フィヨードル・ミハイロヴィチ・ドストエフスキー,キリストのヨルカに召された少年,0.6052
pd1babc219ab22fb,あんな亭主を持っているあなたがわたくしをなんになさるのだろうと云うのです。,フェレンツ・モルナール,最終の午後,0.5327
pd7bd0c31ebe4927,だってこれでもう四日もはっていますけど、まだ頂ける葉が尽きはいたしませんものね。,フセヴォロド・ミハイロヴィチ・ガールシン,夢がたり,0.5987
pdcbdd6676847324,こまかに、ひどく速く震動し、左右にも上下にも同時に動くのです。,フランツ・カフカ,流刑地で,0.6313
pdd6a54494e406a0,患者はその打診音の一つも聞きもらすまいと踵をそろえ、両腕をさげ頤をつき出して、耳を澄ました。,モーリス・ルヴェル,誤診,0.6629
pdabcb5ac5183c22,そして、なにもかもこころえて、ちゃんときいていたのでした。,ヤーコプ・ルートヴィッヒ・カール・グリム,なぞ,0.6553
pd5b60b2b158ec1f,しかしこの春の夜の物音は何れも心を押し鎮めるような好い物音であった。,レオニード・ニコラーエヴィチ・アンドレーエフ,犬,0.6235
pd33007bc7574afa,終日でもそこにすわってるつもりらしかった。,ロマン・ロラン,ジャン・クリストフ,0.6537
pd46c8342eaa6b72,またその首を高く上げて見えない星により近く近づこうとした。,ロード・ダンセイニ,人馬のにひ妻,0.5017
pd5ef3d6d760bce4,あとに残っているのは、あの年とった頭の白髪と顎ひげだけなのか。,ワシントン・アーヴィング,クリスマス,0.4271
pd02d70ac8f1978a,ま夜中ごろ、とつぜん役僧がむすこをおこしました。,ヴィルヘルム・カール・グリム,こわいことを知りたくて旅にでかけた男の話,0.5827
pde50250c1701601,けれど、ふとかすかな疑いが、私におこりました。,三上於菟吉,株式仲買店々員,0.5957
pd92e483c5ce8fd9,煙草をくわえたまま、ボンヤリとオルゴールに聞き入っている。,三好十郎,好日,0.5298
pd814f0e937a9012,そしてどうしたら六兵衛を利口にして、金持ちにすることが出来るかと、そればかりを考えていました。,下村千秋,とんまの六兵衛,0.5189
pd0bb0c92d1c3887,しかし父親は、ちょっと呻っただけで、それにはこたえなかった。,丘丘十郎,雪魔,0.567
pd1bb817be438c00,声に応じて外へ出て見ると、声は闇の中から頻りに自分を招く。,中島敦,山月記,0.6054
pd0fb7a65baea3d2,しかしそういう時代への人間のあこがれは、いつの世になっても、全く消え果てるものではなかろう。,中谷宇吉郎,『死者の書』,0.4685
pddc4972b4ce276e,時雨の空ですから、雲が廻ると雨の落ちるのも早い。,中里介山,大菩薩峠,0.6083
pdda65707194ca7d,犬が鳴く、風の音、吸取紙はもうとてもよごれっちまっている。,久坂葉子,幾度目かの最期,0.6231
pd61ad4bb5da8eb1,雨の日は、看板のうしろの窓の鎧扉が、ひっそりとしずくを垂らしていた。,久生十蘭,キャラコさん,0.6728
pde85d5b73d81d5f,でも嬉やたった一ヵ所窓のように枝が透いて遠く低地を見下される所がある。,二葉亭四迷,四日間,0.571
pdbaafe1ae07c234,念のため衣套をおさえてみると塊りはまだそこにあった。,井上紅梅,薬,0.6195
pde98f0e3a3a1474,雨が落ちたり日影がもれたり、降るとも降らぬとも定めのつかぬ、晩秋の空もようである。,伊藤左千夫,告げ人,0.6886
pd6038e87bfaac88,いつまでもここにいる訳には行かないのだにどうしたらいいのだろう。,伊藤野枝,出奔,0.5628
pd0fd02a03c3c14b,しかも、これがただお参りするのではないからかなわないのです。,佐々木味津三,右門捕物帖,0.65
pd1366097e95758d,私の全財産はなくなり、それ以来私は絶望に身をまかせてしまった。,佐々木直次郎,黒猫,0.5512
pdf7b4465b516dd8,鳥居氏は食卓の上にラジオセットを置いて長唄を聴いていた。,佐々木邦,或良人の惨敗,0.5871
pd21499277c94dc1,いつまでもいつまでも聞こえているのだった。,佐左木俊郎,恐怖城,0.6733
pd85274357576aa3,ただ黙々として、母が如何なることをいっても、首で頷くばかりであったのである。,佐藤垢石,岩魚,0.6109
pd3b7dfaf25c54c5,こうして一心にそれを見つづけていると、何だか遠くの音楽に聞き入っているような心持がする。,佐藤春夫,西班牙犬の家,0.6313
pd22f7033bc2e451,病院の外で子供等がうたう声が聞こえる。,佐藤紅緑,ああ玉杯に花うけて,0.627
pd51808207e2bf27,そして両眼のピントを合わせてその結論を声高らかによみあげた。,佐野昌一,科学者と夜店商人,0.5388
pdae877b0db0cb61,何も別にそれより外のことはないのですよ。,加能作次郎,恭三の父,0.54
pd963358401965a4,すみれはますます美しく、清く咲き続けました。,北条民雄,すみれ,0.6522
pd5b64e98e8f9b12,微かにかち合う壜の音がまだ心の中で鳴りひびき、遠ざかって行く跫音が絶望的に耳に残る。,原民喜,冬日記,0.6973
pdaae73b13ae419e,まるで耳を傾けているように、口をとがらせています。,原田義人,流刑地で,0.6053
pdbb23791bfb57a1,またそれをかりにも行為の上に出さずに来た人間の心がけによる美しい姿というものを初めて知った。,吉川英治,人間山水図巻,0.5247
pd05daa56a249d38,皆の方では前のことがあるので出てもらいたいと頼むことが出来ないで困っていました。,吉田甲子太郎,負けない少年,0.57
pddd122ab41e1b0c,暫らく波の音が水上の音楽を私達にもたらした。,吉行エイスケ,スポールティフな娼婦,0.5471
pd12d9220940e81e,舟の進むにつれてこの小さな港の声が次第に聞こえだした。,国木田独歩,少年の悲哀,0.6793
pdd4562302506c9f,間もなく門の開く音がして、それが遠々しく聞こえて来たが、すぐに閉じる音がした。,国枝史郎,怪しの館,0.7327
pde26f92d1672954,そんなことを言って来年の春あたたかくなったら一番に私をたべる積りだろう。,土原耕作,蛇と蛙,0.4466
pdadec5da02633b5,さすれば、そこに考えられることは一ツしかない。,坂口安吾,牛,0.6812
pd45034adc0c7e14,と、いままで何か言いあっていたものたちが、そのとき急にばったりと話しやめた。,堀辰雄,三つの挿話,0.6291
pd518ec2ecb4cc40,雨は闇の底から蕭々と降る、容易に晴れそうにもない。,夏目漱石,琴のそら音,0.7096
pdcb65fc809bddcc,が、酔夢朦朧とした私の頭の中には、足音はいつまでも鳴り響いているかのようである。,外村繁,日を愛しむ,0.6415
pd999478da2c339b,時々軽い衣擦れの音が聞こえるほかは何の物音もない。,夢野久作,女坑主,0.6935
pda2b1c69ac8ba64,こいつは妙だぞ、私は益々うろたえはじめた。,大阪圭吉,寒の夜晴れ,0.631
pd3e47f364367301,たいした花も咲くまい、と私は半ば諦めていたのである。,太宰治,善蔵を思う,0.718
pd25025ce39df12f,私は大した興味ももたず、その廃屋をちょっとのぞいてみたあとで、また猟をつづけた。,妹尾アキ夫,マカーガー峡谷の秘密,0.4851
pdd2a4a0bd05ff64,紅衣を著けて、その襟と、袖口のところに白いへりが附いてゐる。,宇野浩二,茂吉の一面,0.418
pd4e7fdecb449819,以前ここに立っていた大きな置戸棚と、彫り物のある櫃とは、しかしもう見当らなかった。,実吉捷郎,トニオ・クレエゲル,0.6019
pd727edd9aa9dc84,雨のない重いような曇ったそとの空気は、ひっそりと家内をしずまらしていた。,室生犀星,香爐を盗む,0.652
pddd995f8eda2986,私は、何をどうすることも出来ずにただ立っていた。,宮本百合子,貧しき人々の群,0.7405
pdb3762cc0fbb504,みんなの声ももう聞こえませんでした。,宮沢賢治,虹の絵の具皿,0.7019
pd4dcc567a8283f0,長く尾をひくような、又、歌って居るとも思われる節廻しであった。,富田常雄,面,0.5593
pdec477a4482ea96,南洋中の島では一年じゅうがほとんど同じ季節であり、春夏秋冬はただの言葉である。,寺田寅彦,連句雑俎,0.5619
pd5c64c5c6ef2859,吉原の桜は八重咲きが多く、上野や向島よりは遅れて咲いた。,小山清,桜林,0.6522
pddbd5f47f807e2b,そして、白い星のような花が、咲きかけていました。,小川未明,うずめられた鏡,0.8068
pd10a7c503cc3be5,角を曲がると、三階の窓が明るくなっていた。,小林多喜二,党生活者,0.6123
pd667752138091f7,笙が鳴り出すと、それにつれてドウと板の間を踏むような音が聴こえました。,小栗虫太郎,夢殿殺人事件,0.6327
pd8555787bb85325,とにかく何故この話が結末をつけないで、そのままになっているのか、誰にも分らない。,小泉八雲,茶碗の中,0.6072
pde5d42146d304d5,差し支えのないばかりか、そこに立派な理由があるのです。,小酒井不木,愚人の毒,0.6735
pdd5abdfee90046e,花の咲いた高原の上には果しなく拡がってゆく不安があった。,尾崎士郎,運命について,0.6662
pd7a466620a4ab5b,白の封筒に白い書簡箋に左の意味が書かれてあった。,山下利三郎,誘拐者,0.4595
pd45929c07d2c351,引返すことはすでに不可能なことであり、いまとなっては飛び込む横丁もない始末なのである。,山之口貘,詩とはなにか,0.5718
pddd030846c04e0b,博士のそんな声が、どこかから聞こえてくるような気がしていた。,山川方夫,博士の目,0.7132
pdb30907420f4b74,結婚したそもそものときから始まって、始まったことがわからないままで、悪いほうへと続いていった。,山本周五郎,薊,0.6083
pd12bc1160f87919,丘一つ距てた日本海に陽が落ちると、見る見るうちに湖面は黒くなって、対岸の灯が光を増すのであった。,山本禾太郎,仙人掌の花,0.4797
pde96425ffbc8fab,私の実際に見たのではこんな事がある。,岡崎雪声,子供の霊,0.4783
pd53a44c7d3dd880,白梅の咲く頃となると、葉子はどうも麻川荘之介氏を想い出していけない。,岡本かの子,鶴は病みき,0.6906
pd08d9b7ed9cc48a,家内はもう薄暗いので、雨戸を明け払って更に引き窓をあけた。,岡本綺堂,半七捕物帳,0.7203
pde7386df584b44a,心では、おうかた、大砲の音を聴いとったんやろ。,岩野泡鳴,戦話,0.6652
pd00c953cc29005d,俳優の声は、音楽的な美声を必ずしも必要としない。,岸田国士,ラジオ・ドラマ私見,0.5251
pdfbefcfa0e17b30,どこの石垣のすみで鳴くとも知れないような、ほそぼそとした地虫の声も耳にはいる。,島崎藤村,嵐,0.6564
pd5ab64fd84d40ca,灰色の壁と鉄格子の窓を通して見る空の色と、朝晩目にうつるものとてはただそれだけであった。,島木健作,癩,0.6163
pd3965b994b1aeb9,次の停留場に来ると満員の上へ更に二三人加わって、今度は単独に蹣跚る余地さえ無くなって了った。,川田功,乗合自動車,0.4856
pd9983275883dde5,だからわれわれもこれから先は、この八等官を少佐と呼ぶことにしよう。,平井肇,鼻,0.5313
pd08e5fa1efc47b9,けだし氏の頭のよさのしからしむるところであろう。,平林初之輔,甲賀三郎『琥珀のパイプ』序,0.5751
pd5e9751c307694f,声は呼んだその人の耳へ反って響いた。,幸田露伴,観画談,0.6523
pda3b35cab9ec85d,どうしてそんなものを兵さんが持っていたかと驚いた。,徳永直,あまり者,0.5708
pd364a11ee1b6450,私たちはそこを出てから、さらに明石の方へ向かったが、そこは前の二つに比べて一番汚なかった。,徳田秋声,蒼白い月,0.5901
pd798e26a99b88fa,和尚が梯子段を降りて来た時、夜は明けかけており、一家の人々は心配して下で待っていた。,戸川明三,葬られたる秘密,0.5134
pdb0cf611cc1390e,勿論今の人たちのうちでは、私などが最長い愛読者であるには間違いない。,折口信夫,民族の感歎,0.4423
pd32a402a6f313cb,だが、やれやれ、きょうもなかまたちの声は聞こえない。,新美南吉,久助君の話,0.6616
pd07b24cece30313,静かに立って耳をそばだてるとかすかに音が聞こえる。,有島武郎,フランセスの顔,0.685
pd8a9d407ac4885e,くさりそうだったら、ただでも人にたべてもらう。,木内高音,水菓子屋の要吉,0.584
pd2f634840ffed86,吹きつける風の音に自分の声を消されまいと、その頭に噛りつくようにして叫んだ。,本庄陸男,とも喰い,0.5725
pd15c420f7dc1a16,そして当時すでにあのいまいましいシャレ者の秘書を知つていました。,村崎敏郎,ピンの先き,0.5816
pdcbef826f177ba5,其日は朝から小雨が降っていたが、十時頃から本降りになった。,松本泰,緑衣の女,0.6093
pd4c1f97219f53c7,きっと、それは精たちが置いていった取り換え児だろうと思った。,松村みね子,琴,0.5544
pd61aa0be45583c5,否、寧ろ充分な閑暇を利用して、少しばかり学問を初めさえしたのである。,松永延造,職工と微笑,0.5676
pd2bd5433fe1aadd,が、そこには勘次がやぞうを極め込んでにやにや笑って立っていた。,林不忘,釘抜藤吉捕物覚書,0.6589
pd4c14966f609fc9,戸外では、いつか雨が降り出していて、湿った軒燈に霧のような水しぶきがしていました。,林芙美子,蛙,0.6412
pde012ba7c06cd1a,当の不破ものんびりした表情で窓外薄暮の風景などを眺めています。,梅崎春生,ボロ家の春秋,0.6485
pdd00227db457360,遠くの方から風の渡るように響いて来る。,梶井基次郎,交尾,0.6593
pd573ff095afeb6a,しかし夜になれば、別荘の人々には外で番をして吠える声が聞えるのである。,森林太郎,犬,0.5268
pdc55759f019b05f,石瓦の散らばっている間に、げんげや菫の花が咲いている。,森鴎外,ヰタ・セクスアリス,0.7272
pdf8c739cc89a4ae,お池には赤と白のはすの花が咲いて、その葉の上には、水晶の珠のように露がたまっていました。,楠山正雄,浦島太郎,0.7029
pd794ed9c1fde6c5,紫陽花と矢車草と野茨と芍薬と菊と、カンナは絶えず三方の壁の上で咲いていた。,横光利一,花園の思想,0.6548
pdc732489ac93cc5,自分の頼みは、その家まで行って貰うことにあるので、それ以外は皆君の自由だ。,橋本五郎,自殺を買う話,0.6055
pdf1d2912939dbcf,と、やがてどこからともなく澄み切った尺八の音が、哀韻切々と耳を打ってきました。,橘外男,棚田裁判長の怪死,0.5609
pdeaab2c02536e80,まだその下に闌更というふんどしかつぎがおります。,正岡子規,俳句上の京と江戸,0.5101
pd0f56200c91f462,こいつはあとで郵便屋さんが葉書を集めにきて、さぞや肝を潰したことでしょう。,正岡容,初看板,0.5265
pd62c6307e96a4d7,ほんの僅かな浮いた心が、ひっそりした秋の宵の澄んだ心境の表面にさざ波をたてた。,水上滝太郎,果樹,0.5541
pd9e2d63db8ad042,が、なんにも言わずに、ただ笑っていた。,水野葉舟,帰途,0.7043
pddf4fca05e4be8a,しかし実際は全くそれとは相違して、ここより外に行きどころのない身である事は明瞭である。,永井荷風,或夜,0.5959
pd78067cb1215547,どこからか、へんな声が聞こえてくるのです。,江戸川乱歩,おれは二十面相だ,0.7402
pd52f7df1a8b4ae7,こいつはちょっと難問題だと、腕を拱いたまま考え込んだ。,江見水蔭,備前天一坊,0.5943
pddcc476e7282f85,最早九年ばかり以前の事だ、当時私の宅へよく遊びに来た芝警察署詰の某氏の実見談である。,沼田一雅,暗夜の白髪,0.4046
pd617065f97faeb2,こん度来るまでにはきっと独でお上んなさるようにして見せよう。,泉鏡花,誓之巻,0.6342
pd774f175084fe70,何も知らずに先に立って歩いていた吉田が楽しげに口ぶえを吹き出した。,浜尾四郎,彼は誰を殺したか,0.5781
pd052237c53ab127,しまいにはあとも先も見えず、どこが道やらわからなくなり、だんだん山深く迷い入って行きました。,海若藍平,雪の塔,0.4827
pd9283b68a11371b,だが、そこには誰も立っていなかった。,海野十三,宇宙尖兵,0.7324
pd02f37635bbac2b,夏が近く、日暮に間もない空が、ライラック色と薔薇花とのだんだらに染まって見えた。,渡辺温,赤い煙突,0.64
pd47d587add5f5b8,幾つかの島を浮かべたこの荒海は、雲と船と海鳥とをあしらって絵のごとく美しい。,火野葦平,糞尿譚,0.5407
pd13ae3f5feb90fb,が、すでに若造の口から引き出して来たこと以外、そこには何らの新しい事実もなかった。,牧逸馬,助五郎余罪,0.6298
pddcd9b32ebe26b0,私は、その洞ろな耳腔に諄々と囁くことで驢馬の記憶を呼び醒そうとした。,牧野信一,ゼーロン,0.581
pd27236a25e47a9e,そしてそういう生のままのものなら、何もわざわざ人家を訪れなくても、野良にいくらでも作られている。,犬田卯,沼畔小話集,0.6155
pd312ea80a095caa,しかもどんな科学の力だって、この避けがたいものを救うことは出来んのです。,田中早苗,誤診,0.5902
pdc114a2cd7a1af6,そんなにきょろきょろしていたら、とてもあのお山の上まで行かれやしないよ。,田中英光,箱根の山,0.5642
pde7e9d9d279d358,岩の上には処どころ石南花の真紅の花が咲いていた。,田中貢太郎,岩魚の怪,0.7288
pdaeaef9481996c0,硝子窓の外は風雨吹暴れて、山吹の花の徒らに濡れたるなど、歌にでもしたいと思う。,田山花袋,新茶のかおり,0.6144
pd8021add05e4e86,きこりは裏口から案内したが、そこへは近処の流れから、竹の筧で水を取ってあった。,田部隆次,ろくろ首,0.5073
pd5d5f499ed500a1,寒風に晒されながら冬の夜更けを、人知れず暗闇に佇んでいるのは決して楽な仕事ではなかった。,甲賀三郎,支倉事件,0.6048
pd50939336539b9c,次に発せられた声は全く想いもよらぬ声だった。,直木三十五,秘密の庭,0.5772
pdd41be1deba4e35,耳を澄ますと、時々舟が通るのかひたひたという波の音も聞えてくる。,相馬泰三,六月,0.6449
pd51da0852823bdb,小石は、あたらしい銀貨みたいにぴかぴかひかって、ふたりに道をおしえてくれました。,矢崎源九郎,ヘンゼルとグレーテル,0.5656
pdd628e2adb9a0d6,こんどは余り粗末なことも出来まい、と気づかうのである。,矢田津世子,父,0.6413
pd3d9adb5a079f1e,そんな名があるかどうか知りませんが、とにかくみんなが、かれのことをマレイと呼んでいました。,神西清,百姓マレイ,0.5844
pd0a3992f67a16c8,と、僕には何もかもが一時に腑に落ちた。,秋田滋,狂女,0.5323
pdbaf551031df0b3,夜になると、どこかのラジオがきれぎれに響く。,種田山頭火,草と虫とそして,0.6265
pd00c6c3c30f9276,留吉はもうとてもびっくりして、何を考える暇もなく、どんどん門の方へ駈けだしました。,竹久夢二,都の眼,0.5712
pd437b8899cc0057,しかしながら、やがて、めんどうくさくなってやめた。,竹内浩三,愚の旗,0.506
pd8093deffb4abc6,そして親子三人は、何かの不思議な物音、物音というよりもかすかな遠い幽鬱な響を耳にした。,素木しづ,惨事のあと,0.6921
pda9b7d419682774,食卓がたった二個しか据えてない小さな店だのに、それで二人も女給がいるのであった。,細井和喜蔵,女給,0.5716
pd627ef951f0a609,魚の焼く匂いが薄暗い台所から漂うて来たり、突然水道の音が聴えたりした。,織田作之助,道,0.6386
pd2029cbd7a6f631,勢を得たので七、八人の者が続いて訴えたが、其了ったのは三時にもなっただろう。,羽志主水,監獄部屋,0.4562
pdb12730735eee44,が、紅い庚申薔薇の花は息苦しい光と熱との中に、毎日美しく咲き狂っていた。,芥川竜之介,女,0.6994
pd1bdff3184cbec0,もう袷を着る季節だのに、みを子はまだ、家を出る時に着ていた絣の単衣を着たままだった。,若杉鳥子,母親,0.5412
pd77a961bbe177a9,が、それもよほどの間隔があるので、そううるさくは耳に響いて来ない。,菊池寛,忠直卿行状記,0.6658
pd59c8c3ded602d6,そして時々うなるような人声が聞こえた。,葉山嘉樹,海に生くる人々,0.6502
pd585f92d64572ae,死んだ後にだって何一つ面倒なことって残してないし、じつに簡単明瞭な往生じゃないか。,葛西善蔵,父の葬式,0.5743
pd6a47f9b65c4ace,僕はけがれたものを見るのが厭だから、ここで君の還るのを待とう。,蒲松齢,成仙,0.5837
pd38a9f0643da03a,あたりは、防音室の中にいるように、物静かだった。,蘭郁二郎,植物人間,0.6252
pd6655a31e64535b,僕はその頃ちょうど三浦半島めぐりをしたいと思っていたので、少し遠いけれどどうかと提案してみた。,西尾正,墓場,0.5478
pd7df021500aa02e,ほかの言葉は不明瞭で聴き分けられないが、一箇所だけ聴き分けられる―――ような気がする。,谷崎潤一郎,鍵,0.5976
pd4923000977499e,気がつくと、私は、船の進行に合わしていつの間にかこころ一ばいに絶叫していた。,谷譲次,踊る地平線,0.5809
pd3ccd04dac03ef7,数本の灌木が紅葉し、叢のなかに咲いてる小さな花の白と紫が、眼にしみました。,豊島与志雄,三つの悲憤,0.7395
pdaebfd9c2237316,そして、その奥にはもう一間あって、そちらは八畳である。,近松秋江,黒髪,0.6329
pd23437225c6f081,ぽつんと一本咲き初めた、桔梗の花のそれにも増して、露は紅より濃やかであった。,邦枝完二,おせん,0.672
pd93b2595204b837,若者はそこまでよろめいて行った時、ちょっと立ち停った。,里村欣三,放浪の宿,0.5585
pdafc7d6205d7000,明神下の銭形の平次の家へ通ると、八五郎は開き直って年始のあいさつを申述べるのです。,野村胡堂,銭形平次捕物控,0.5082
pdccb03462188e1f,奥まった割に大きな小屋の中からは、長鼓の音と共に賑やかな男達の唄声が聞える。,金史良,親方コブセ,0.5981
pd977ab95f4cdaeb,一軒一軒あるいてみましたけれど、むだぼねおりでした。,金田鬼一,死神の名づけ親（第二話）,0.4416
pd982cfa25457c7f,大男たちは大そうよろこんで、ぺこぺこおじぎをしました。,鈴木三重吉,黄金鳥,0.6128
pdcc026afa8810f0,ですから風が吹くとあんなにお金の音がしたのです。,香倶土三鳥,ツクツク法師,0.4724
pdea6890f7fac430,バッハのコンチェルトなどをきいてひどくその無意味性をうらやましく思うのです。,高村光太郎,詩について語らず,0.455
pdd568e5cc5b2301,夜は、私どもはまたいろんな話をしたが、これは別に用もないことばかりであった。,魯迅,故郷,0.5679
pdbb021112b9781d,殊に転室した当初の私の窓を得たよろこびは晴雨につけ視野にはいる、樹の梢の一つ一つにも及んだ。,鷹野つぎ,窓,0.5861
pda0f2563765bec6,が今では、そんなものは、何も役に立たないことを知っていた。,黒島伝治,窃む女,0.6552
pde56eab0fc86d8c,しかし、今お話をしたカトリーヌの一件は、次のように伝えられています。,アナトール・フランス,世界怪談名作集,0.5134
pd8c7b9fddee7378,そして釣瓶の水が井戸の中で撥ね散る音に耳を澄まして、寒さに首をすくめる。,アントン・チェーホフ,女房ども,0.6098
pd79291fa05962d2,土地のものにこの峡谷の名の起りをきいても、誰も満足にはこたえてくれない。,アンブローズ・ビアス,マカーガー峡谷の秘密,0.5391
pd17823fcecec359,私はややしばらく待っていたが、再びその音を聞くことがなかったので、そのままに降りて来た。,アーサー・コナン・ドイル,世界怪談名作集,0.647
pdd89f266794bf90,もうそれはさかり場に近くなって、ぶつぶつ言う人の声も聞こえた。,エクトール・アンリ・マロ,家なき子,0.6824
pde9df8fecf028a0,子供のころから私はおとなしくて情けぶかい性質で知られていた。,エドガー・アラン・ポー,黒猫,0.5546
pd1cedce5d884e46,そしてこの謎にもただ一つの解決しかないということを同じように確信している人もあるのである。,ギルバート・キース・チェスタートン,とけない問題,0.6191
pddc4ab75c9a4f43,わたくしにはもう、欲しいものは何ひとつ無かったのであります。,ギ・ド・モーパッサン,墓,0.6028
pdbbf5e684450603,するとそこに、はつかねずみが六ぴき、まだぴんぴん生きていました。,シャルル・ペロー,灰だらけ姫,0.5638
pd3083880a48c6a3,そして、作家になろうという決心は、大学へはいる前からついていたようです。,ナサニエル・ホーソーン,ワンダ・ブック――少年・少女のために――,0.4873
pd044a36a780ac0e,何なら今すぐにだってつけてさしあげますが、しかし正直のところ、かえってお為めによくありませんよ。,ニコライ・ゴーゴリ,鼻,0.5403
pddde216bbe2a8b7,ありとあらゆるものが、あの物言わぬあきらめをもって、存在に頭をさげているのを見たのである。,パウル・トーマス・マン,小フリイデマン氏,0.6343
pd9f2ca3cd5227e2,いま岸にくだける浪の音がよく聞えて来た、海賊どもは橈の音を消した。,フィオナ・マクラウド,剣のうた,0.5998
pd62fdee8b9090e3,少年はこっそりそばへよって、いきなりドアをあけて、中へはいった。,フィヨードル・ミハイロヴィチ・ドストエフスキー,キリストのヨルカに召された少年,0.5692
pd3bb7756c92e7e9,わたくしはあの時なんとも言わずにいましたが、あの日には夕食が咽に通らなかったのです。,フェレンツ・モルナール,最終の午後,0.5281
pdc9e2141ae05b7c,ただサゴ椰子が隣りのそてつに向かって、小声でこう言っただけでした。,フセヴォロド・ミハイロヴィチ・ガールシン,アッタレーア・プリンケプス,0.5843
pdae288eb40649a5,通路に沿って電線が張られてあり、小さなベルの音がたえず聞こえた。,フランツ・カフカ,火夫,0.6248
pdcf74bdfdc337b0,雨の音が一きわ騒がしくなって、風が煙突に呻り、庭園の方では木の枝の断切れて飛ぶ音がする。,モーリス・ルヴェル,犬舎,0.6617
pd8ba18c14ee4a6b,もうあとはなんにももらえないからよ。,ヤーコプ・ルートヴィッヒ・カール・グリム,ヘンゼルとグレーテル,0.6528
pd860f0f4a5c2577,ましてや石を投げつけようとするものもない。,レオニード・ニコラーエヴィチ・アンドレーエフ,犬,0.559
pd3471e04d4a138e,恐ろしい呼吸の音が耳には聞えていた。,ロマン・ロラン,ジャン・クリストフ,0.6258
pda2f50e47df36c1,ソンベレネはただその美とその血統のみを神から受けたのであった。,ロード・ダンセイニ,人馬のにひ妻,0.4633
pdca28927ba5dde2,王さまはこれをひとつのへやにはこびこませて、かぎをかけました。,ヴィルヘルム・カール・グリム,十二人兄弟,0.5776
pd8c88bc9faabe7b,ステッキのようなものを手に持っていたが、それを床の上に置いたら、金属性の音を発した。,三上於菟吉,空家の冒険,0.5837
pd2d9823fd516cb0,ただそのために出来るだけの努力はした。,三好十郎,ゴッホについて,0.5277
pd54330dfc623114,殿様はこんどは、手のひらに何やら字を書きました。,下村千秋,とんまの六兵衛,0.5156
pd10f4f5b0c6218d,ところがその後千太郎は、すこしも元の古巣へ姿をあらわさなかった。,丘丘十郎,ヒルミ夫人の冷蔵鞄,0.5551
pdc84320089faedd,爾来、花と咲誇ったテーベの宮廷は闇となった。,中島敦,セトナ皇子（仮題）,0.5999
pd7f8b7ee10640f9,初めに、滋賀津彦のよみがえりの場合と、郎女の魂呼いの場面とが出て来る。,中谷宇吉郎,『死者の書』,0.4523
pd15a53d1acaf5ad,夜中になるとがんりきの耳の傍で囁く声がしたから、がんりきはうとうとしていた眼を覚ました。,中里介山,大菩薩峠,0.596
pd99b0cabf312fd3,誰でも、長い下着をきこんでいる季節なのだ。,久坂葉子,華々しき瞬間,0.618
pd07e5866f854d6a,……雨が降りゃア、下駄屋は、いいお天気という。,久生十蘭,顎十郎捕物帳,0.6643
pd50c92617d706b5,痛いには違いあるまいが、頭がただもう茫と無感覚になっているから、それで分らぬのだろう。,二葉亭四迷,四日間,0.5618
pd07aa046bd35088,だから單四嫂子の家に声がすれば、老拱等のみが聴きつけ、声がしなくとも老拱等のみが聴きつけるのだ。,井上紅梅,明日,0.6154
pd9f4167daf20dba,雨が少し強くなってきたのか、椎の葉に雨の音が聞こえてしずくの落つるが闇に響いて寂しい。,伊藤左千夫,隣の嫁,0.6882
pdfa44d7788ffe5f,ちょうどそのとき叔父が手荷物の始末をすましてそこに来た。,伊藤野枝,わがまま,0.552
pddcc725a5beae0e,なぜかならば、そこに材料として提供されているところのものは、あまりにも少なすぎたからです。,佐々木味津三,右門捕物帖,0.6491
pdcf20959fbb690e,けれども、自分の隠匿の場所はわかるはずがないと思って、私はちっともどぎまぎしなかった。,佐々木直次郎,黒猫,0.5437
pddb8dde0ea31a49,仲人もその関係から殆んど自分一人でやって退けたのだが、単にそれ丈けで満足するような女性でない。,佐々木邦,髪の毛,0.5762
pd4b311e9b6df3de,首を上げ、耳を欹てて、その耳に全身の感覚を集めようとしていた。,佐左木俊郎,狂馬,0.6695
pdc893693ff9d041,近ごろ、なんとなくこの屋敷にうろんの気配がすると思ったが、こ奴の仕業だ。,佐藤垢石,純情狸,0.5945
pd25ce8d0c82256c,ひっそりとしたこの四辺の世界に対して、私の靴音は静寂を破るというほどでもなく響いた。,佐藤春夫,西班牙犬の家,0.6149
pda1faeef4eecb9d,とかすかなうなり声がふたたびきこえた。,佐藤紅緑,少年連盟,0.5889
pddd760026a4e4a6,そして硬い物質で出来あがっているから、相当乱暴に取扱っても壊れたり擦り減ったりすることがない。,佐野昌一,白銅貨の効用,0.5042
pd69ee58a237d8df,もう此時分は祭見物に行ったものは大方帰って了って、一里の浜路には村の者とは誰にも遇わなかった。,加能作次郎,恭三の父,0.5248
pd7363ceee5ecde5,すみれは、やっぱり昨日のように、淋し気に咲いて居ります。,北条民雄,すみれ,0.6345
pd7cecfab11b580d,今にも雨になりそうな薄暗い朝であった。,原民喜,壊滅の序曲,0.6886
pd8f75222ea70e90,もっともただ一つの場所だけで動くわけで、また働きがずっと精巧ではあります。,原田義人,流刑地で,0.6044
pdd6af92c3fc0bb0,山門の下の狐狸も棲めないような小堂をいつのまにかきれいにして、老画師は、茶を煮ていた。,吉川英治,人間山水図巻,0.4791
pdad6f373dc97890,さっと風が吹いて一切の物音をさらって行ってしまったあとのようだ。,吉田甲子太郎,秋空晴れて,0.5689
pd92691f195eca97,翌日になって再びチタ子は私のアパートを訪れてきて、当分、私から離れたくないと言ったのです。,吉行エイスケ,大阪万華鏡,0.5384
pdef610761ef9146,こいつはいいかも知れんがさし当たって田地がない。,国木田独歩,二老人,0.6496
pdc5a730f2222007,鼬の姿はいつか消え、遠くで吹くらしい口笛の音が、なお幽に聞こえていた。,国枝史郎,大捕物仙人壺,0.7264
pd37c67f11a87077,懐中時計が箪笥の向う側へ落ちて一人でチクタクと動いておりました。,土原耕作,懐中時計,0.4326
pdcf477a1c45c2a6,花田医師がフラリと咲子の部屋へやってきた。,坂口安吾,明治開化　安吾捕物,0.6578
pdfab46b9f2c7a53,何故と云いますと、あの絵はもう、それが数年前に持っていたとおりの姿を持っていないからです。,堀辰雄,窓,0.6224
pd2e0e209c742012,雨が降っていても外は明かるいものだ。,夏目漱石,坑夫,0.7061
pd9a65957ad35fa9,雌は軽く雄を避けた様子であるが、再び雄は囀り出し、荒々しい羽音が聞こえた。,外村繁,日を愛しむ,0.6307
pd23291fdd0f117a,学校にも何にも行かずに、花が咲いて人から可愛がられる。,夢野久作,白椿,0.6913
pd4cae40b1358091,が唸るとも響くともつかぬその物音は、すぐにやんで、あとは又元の静けさに返って行った。,大阪圭吉,坑鬼,0.6204
pd5df25339394844,雨も、いくぶん小降りになっている様子である。,太宰治,走れメロス,0.6982
pd6ecd316ed97edb,明るいうちに人家をさがすことは、できそうもなかった。,妹尾アキ夫,マカーガー峡谷の秘密,0.4528
pd51d570138d2c9a,ところで私は、このアンピイル式なしではどうしても暮せないような時があります。,実吉捷郎,トリスタン,0.6011
pdef96b49aba33dd,もう、時が来ていると思わずにいられなかった。,室生犀星,姫たちばな,0.6395
pd7bc7091baadb96,久しぶりに聴く都会の夏の夜らしい物音に、ひろ子は懐しく耳を傾けた。,宮本百合子,播州平野,0.7224
pdc35419d8dba779,ずうっとうしろの方で、けらいたちの声がまたかすかに聞こえました。,宮沢賢治,虹の絵の具皿,0.6841
pdce0b5a47574f67,そんなことを言うが、一族の者共はみな、わしの威光で今日までやって来たのだ。,富田常雄,面,0.5155
pdb999a714d8c1a2,ただこのいわゆるポエトリーがここで何をさすかが問題である。,寺田寅彦,連句雑俎,0.5132
pd39a18de7c777a4,おきぬはそこに立止りかねて行き過ぎた。,小山清,早春,0.6401
pd414a3e3be22cdd,どこか、遠いところで、凧のうなる音が聞こえていました。,小川未明,ある日の先生と子供,0.7905
pd3c1535f9e25389,窓硝子は部厚に花模様が結晶して、外は少しも見えなくなった。,小林多喜二,母たち,0.575
pded4eab679ccb9a,尻あがりの、声を聴いただけでも一人娘の、びりびり蟲のつよいところが触れてくる。,小栗虫太郎,一週一夜物語,0.5995
pd437f8d594b70e5,和尚は御経を読みながら、そこにただ独り坐っていた。,小泉八雲,葬られたる秘密,0.6066
pd05c19eb1ccc109,蝉が頻りに鳴いて、遠くから機織る音が聞えて来た。,小酒井不木,初往診,0.6372
pd69ce9588628f7c,もうそろそろ夜が明けるであろうと思われる頃、遠くの空から妙な唸り声が聞えてきた。,尾崎士郎,十三夜,0.6525
pd05c399aa22f5cf,ということは、バランスを求めるこころが、ぼくにそうさせるのではなかろうかとおもうのである。,山之口貘,詩とはなにか,0.5534
pdead96ed7655186,道がまっすぐなせいか、しいんとした屋敷町の夜の静けさの中で、歌声はかなり遠くから聞こえてくる。,山川方夫,軍国歌謡集,0.7093
pda1a71790a37c1c,歯をくいしばるような思いで、松の哀しい呼声と、訴えるような戸を叩く音を聞いていた。,山本周五郎,嘘アつかねえ,0.6052
pd5a27567406c00b,ガラスを透してながめる美しい水、それが閑枝の心にヒンヤリと刃物に似た冷たさを思わせるのであった。,山本禾太郎,仙人掌の花,0.466
pda861e821ec692e,やがて師匠の家に曲る横町も通過ぎて、花園橋の上に茫然と立っていたのだ。,岡崎雪声,死神,0.4633
pd30aa90b56e7f95,けれども咽頭奥で呟くような声がしているので鼈四郎が耳を近付けてみると、唄を唄っているのだった。,岡本かの子,食魔,0.6523
pdd2a1a0f20c20b9,蔦かずらを攀じて登り着くと、そこには良い樹を植えならべて、そのあいだには名花も咲いている。,岡本綺堂,中国怪奇小説集,0.7179
pdd2677dc53ff38a,然し、こおうなればどこまでもこわいものやさかい、その方でまた気違いになるんもある。,岩野泡鳴,戦話,0.5859
pdb6ebc1560e3188,なんでもないことをいっているようで、よく読んでみると、なかなか誰にでもいえないことをいっている。,岸田国士,母の話,0.5141
pdd929841065d2ad,廊下へ出て見ると、咲きかけた桜の若葉が眼前にある。,島崎藤村,刺繍,0.6446
pdd782dcf9cea8a2,だが、そこにもじつは人間が一人いるのであった。,島木健作,癩,0.6069
pd475bc7eee9c2a9,其儘お化にも成り兼ねない眼をして睨み付け乍ら、独語の様に云った。,川田功,乗合自動車,0.4586
pd77459b49c13ee3,しかし、鼻のことを考えると、何もかもがおじゃんであった。,平井肇,鼻,0.512
pd57b50ee5ce29a1,ほらあのつつじの根本ががさがさ動いているでしょう。,平林初之輔,夏の夜の冒険,0.5728
pd0acd20c8cdfc98,もとより同人の同作、いつわり、贋物を現わすということでは無い。,幸田露伴,鵞鳥,0.5982
pd1fd2f874675ee3,おぼえのあるわらい声は思いがけなくまじかで、もう顔をそらすひまもなかった。,徳永直,白い道,0.5604
pd815400ab50cf11,どんな大将だって初めは皆な少尉候補生から仕上げて行くんだから、その点は一向差閊えない。,徳田秋声,躯,0.5508
pd41c27a4ae08aff,そしてその袖のうしろで呻き咽びつづけていた。,戸川明三,貉,0.4811
pd3867c6bd161f30,門をはいると、昨日より力のない、ひきつるようなしゃっくりの声が聞こえて来ました。,新美南吉,牛をつないだ椿の木,0.6604
pd87ee5333e77903,けれどもポチのすがたも、足音も、鳴き声も聞こえては来なかった。,有島武郎,火事とポチ,0.6756
pd7db79a36dcb061,こっちでかってにくさらしたんだから、またいくらでもとってあげるわよ。,木内高音,水菓子屋の要吉,0.5827
pd2fdfb93846731f,そしてその眼は埃っぽい教室の白い壁に注ぎ、そこにあわれな未来を描きだして喋りつづけた。,本庄陸男,白い壁,0.5655
pdaf12e73a86a176,眠つているときにこういう耳慣れた音を聞かされると自動的にピクリとします。,村崎敏郎,ピンの先き,0.5811
pde44eec483c9c68,カーテンを隔てた廊下向こうのパーラーから、グラスの触れ合う音や女給たちの陽気な声が聞こえていた。,松本泰,宝石の序曲,0.6007
pdfa2c270accedd1,なぜ誰もあの牛の鳴き声を聞かないのだろう、犬のうなり声も今は間断なしの大きな吠え声に変って来た。,松村みね子,剣のうた,0.5515
pd19b874204d9ff1,青年はその不思議な節回しに耳を傾けつゝ、何かしら自失したように、呆然と立っていた。,松永延造,ラ氏の笛,0.555
pdc00d3704d90d3f,動くという働きを失ったようになって、伝二郎は床のなかで耳を欹てていた。,林不忘,釘抜藤吉捕物覚書,0.6553
pd50e7c7ec4e3e9a,眼がまわって、長い間、とんび岩は暗い暗い空中にただようていました。,林芙美子,ふしぎな岩,0.6387
pde904b64fed2a9d,そしてその話し声がふと私の耳をとらえた。,梅崎春生,桜島,0.644
pd251faf0951d306,自分がその道を見つけたのは卯の花の咲く時分であった。,梶井基次郎,路上,0.6197
pdd042869c869f6a,熱いので明けてある窓からは人の呼吸が静かに漏れる。,森林太郎,犬,0.5248
pd34af6ed24d2a6b,花の一ぱい咲いている百日紅の木に、蝉が来て鳴き出した。,森鴎外,ヰタ・セクスアリス,0.7042
pd27419f1cfb1bf2,そして、臼ばかりころころ下までころげて行きました。,楠山正雄,物のいわれ,0.7006
pda853a0970a051b,しかし、果してそこに間違いはないか。,横光利一,夜の靴,0.6471
pd87ca75e8d3ef76,窓は、夕暮のほの寒さに皆ぴったりと閉めてあった。,橋本五郎,撞球室の七人,0.5933
pd0693ad3889906f,ポンポンと涼しい音が、先生の枯れた指の先から迸り出てくるのです。,橘外男,棚田裁判長の怪死,0.5603
pdd877d749b76dee,見た事はないが揚子江であろうと思うような処であった。,正岡子規,句合の月,0.4819
pd8ce9c832dcb8de,続いて反対の方角から打ち上げられたは、真赤な真赤な硝子玉で、枝珊瑚珠の色に散らばる。,正岡容,円朝花火,0.4111
pd025e0c862ebd2d,おときにしても、何を訊いても知っている新吉が、たよりがあって嬉しかった。,水上滝太郎,果樹,0.5496
pd23063169c12ce7,私はそこに立っていた同じ車の人と一緒に、引き返して来た。,水野葉舟,黄昏,0.6908
pd893677331f09cb,奥の間から置時計の鳴る音につづいて鉄瓶の湯のたぎる音が聞え出した。,永井荷風,春雨の夜,0.5884
pd15836678226534,そして、その中から、へんなもの音が聞こえてきます。,江戸川乱歩,探偵少年,0.7203
pdfc004005c90e5f,小机源八郎すでにへとへとで、ただ青眼に構えているだけで、四方八方隙間だらけだ。,江見水蔭,怪異暗闇祭,0.5742
pdc66ef83efff96e,が、前刻の雨が降込んで閉めたのか、框の障子は引いてある。,泉鏡花,第二菎蒻本,0.6338
pd61a632c8ee92c8,いや、楽器をおいて、笑いさざめく声がよく聞えた。,浜尾四郎,彼は誰を殺したか,0.5656
pde610a9f107b97c,もう泣く声も出ず息も凍ってしまいそうで、只夢のような気持になりました。,海若藍平,雪の塔,0.4771
pd4189cd904d91b8,すると、小さいながらぶーんと飛行機の音が聞こえるではないか。,海野十三,恐竜艇の冒険,0.7245
pdca010ee46bfa92,ところが、しばらくすると断崖の方から鋭い幸子の悲鳴が聞こえた。,渡辺温,勝敗,0.6275
pda1cb4e6fe21791,初めはがみがみと叱言を云い、中頃には愚痴をこぼしていた女房も、この頃ではなんにも云わなくなった。,火野葦平,糞尿譚,0.5262
pd14cb8e0f13941a,雨のような詰問を外して、けんめいに逃げを張る。,牧逸馬,戦雲を駆る女怪,0.6191
pd7bd1a8a3947a5a,幽婉縹渺として底知れぬ観である――不図耳を澄ますと、森の底から時折銃声が聞えた。,牧野信一,ゼーロン,0.5691
pd7d5a21024cde9a,そしてそれはおせきの耳へも入らずにはいなかった。,犬田卯,米,0.6149
pdaed1682d3331f4,父親は、私が忍びこんだのも知らずに、卓子に向って一心に何かやっている風でした。,田中早苗,無駄骨,0.5682
pd244a84108fbd7a,だけれど一郎、ほんとは俺たちがこうして歩いているのも山なのだよ。,田中英光,箱根の山,0.546
pd8a399be7f58bc4,と、その中からころころと出たものがあった。,田中貢太郎,岩魚の怪,0.7135
pd52b8c8e0cfa60b,其頃は屹度空が深い碧で、沼には蘆の新芽が風に吹かれて、対岸の丘には躑躅が赤く咲いて居た。,田山花袋,新茶のかおり,0.6136
pd624c77e48da6f0,どうしても袖からは離れなかったが、しかし長い呻きをあげて、それからもがくことを止めた。,田部隆次,ろくろ首,0.5063
pd5b42096da96a4c,けれども、それは間違いのない本当なんだ。,甲賀三郎,計略二重戦,0.5935
pd950e5c4e6e4a90,でも私は死体をミイラにするという事には非常に興味を持っておりますの。,直木三十五,金の十字架の呪い,0.5569
pdb1a01197e0349e,しかし、そんな事はもちろん自分の胸だけのはなしで、口に出して云うような事は誰にもしなかった。,相馬泰三,田舎医師の子,0.6078
pdfb80566c9bdc83,こうして、にいさんたちによろこんでもらおうと思ったのです。,矢崎源九郎,十二人兄弟,0.561
pd4ac8f26c07374d,白いこの流れに機械の騒音が吸いこまれて、ひとり静けさがここにばかり凝っているようである。,矢田津世子,鴻ノ巣女房,0.6288
pd5b49a728249397,ほかのものなら何から何までそろっていたけれど、ただ恋だけはなかった。,神西清,犬を連れた奥さん,0.5811
pd83caed607a048f,折しも僕は重々しい律動的な跫音をきいた。,秋田滋,狂女,0.5278
pd97bcf053039342,けさ、萩にかくれて咲き残っている花茗荷をふと見つけた。,種田山頭火,白い花,0.6152
pd930e4f83880a3d,あなたは呼吸をころして一心に聴入るのでした。,竹久夢二,少年・春,0.5695
pda388ed67c3dd68,書きあげれば、破いて棄てるのだけれど、息はずませて書きつづけた。,竹内浩三,手紙,0.5051
pdebef1fa2d7268d,おどろいて手を引くと、ずっと前にも前にも赤い花が一ぱいにつらなって咲いている。,素木しづ,咲いてゆく花,0.67
pd2064560585c2cc,処が、それまで左程よっていなかった客は急にぐでぐでに酔った風を装ってくだを巻きかけた。,細井和喜蔵,女給,0.4999
pd044ca37d2fc432,といっても、私の言ってるのは、何もただ質入れのことだけじゃない。,織田作之助,天衣無縫,0.6224
pd43fa1e52e99692,殊に山田のハシャギ方は随分目につくので、何かなければ良いがと思わせる。,羽志主水,監獄部屋,0.4507
pdaa9bf5c998e64b,窓の外にはいつのまにか、日の暮が雨を煙らせている。,芥川竜之介,母,0.696
pdf1bfb9f5171d4c,厳めしい楼門は貧弱な寄進者なんか眼中にも置かないように、そそり立っていた。,若杉鳥子,棄てる金,0.5261
pd8f2742f4be5171,伽陵頻迦の鳴き声も、もう此の頃では、うるさく耳に付き出した。,菊池寛,極楽,0.65
pdf341b0f3412374,曇っていて今にも降り出しそうな空ではあったが、その厚い空の底には月があった。,葉山嘉樹,死屍を食う男,0.6246
pd30d5521b18d574,こう聞いて、私は全身にヒヤリとしたものを感じて、口を緘じた。,葛西善蔵,父の出郷,0.5644
pd479d2f8fd1e937,朝から来ていなさるそうだが、何をしておりなさる。,蒲松齢,嬰寧,0.5819
pd9921256bc71b9f,と同時に川島は、背後の方から森の中を踏分けて来る跫音を聞いて、思わず振り向いた。,蘭郁二郎,植物人間,0.6197
pde0c04a65f36664,二階の年寄に聞かせたくないので、大きな声は立てなかったが、抓るかと思うと今度は引っ掻く。,谷崎潤一郎,猫と庄造と二人のおんな,0.5914
pd562947b3fe9257,空の色をうつして、何というこれは暗いみどりの広場であろう。,谷譲次,踊る地平線,0.5788
pd7c707abc68b188,雨戸は半ば閉められて、家の中は薄暗かった。,豊島与志雄,掠奪せられたる男,0.7367
pdb3c22dbff7afdb,が、もちろんそんなことを口には出さなかった。,近松秋江,狂乱,0.6161
pddc4ba2a4746f42,――それをいま、改めていわれるまでもなかった。,邦枝完二,歌麿懺悔,0.601
pd87eb5f5570b0c1,放浪をやめて、一つ土地に一つ仕事にものの半年も辛抱することが出来ないのが、俺の性分であった。,里村欣三,苦力頭の表情,0.5452
pd0adc4835e774cb,私はたった一と眼で、それは極めて簡単な暗号に違いないと思った。,野村胡堂,探偵小説と音楽,0.4946
pd8189279c5bba70,と叫び声を上げ、無理矢理引きずり込んだ。,金史良,親方コブセ,0.4956
pd05f3dffa03b84a,死神は、おこった目つきでにらみつけました。,金田鬼一,死神の名づけ親（第一話）,0.4325
pd2a895fcd16ae64,ただ人の出来ないことが、たった一つ出来るだけでございます。,鈴木三重吉,ぶくぶく長々火の目小僧,0.6037
pddca302e4448909,しかしおれはお前の兄さんだから、お前はおれの家来になって、お前の国をおれによこしてもいいと思う。,香倶土三鳥,奇妙な遠眼鏡,0.4699
pdec1cba5a3172ec,私の彫刻がたとい善くても悪くても、私の宿命的な彫刻家である事には変りがない。,高村光太郎,自分と詩との関係,0.4517
pd59725511998ce3,私はその前までは西瓜はただ八百屋の店先に売りに出されているだけのものとばかり思っていた。,魯迅,故郷,0.5668
pd8b3dbd7323c2c5,朝かげ夕かげの移りゆくさまも、その空の下に通う風の音も、たのしかった。,鷹野つぎ,窓,0.5765
pdc30fb4a628c091,――そこを、そんなり、かくさずに見せてやろうじゃないか。,黒島伝治,土鼠と落盤,0.6172
pdebdfd823ff4b79,そんな話を耳にするのが罪のような気もし、空恐ろしくもあり、またうっとりと快くもあった。,アントン・チェーホフ,女房ども,0.5932
pd2216b0eb865e56,けれど私はまだ五分間ばかりそこにじっと立っていました。,アーサー・コナン・ドイル,黄色な顔,0.6426
pd9d933ddf9c26b3,また、われらの造る模型は、広大深玄であって測り知れない神の業にはとうていかなわない。,エドガー・アラン・ポー,メールストロムの旋渦,0.5322
pd60f38d78a10dc8,ともかくなんとしてもあの宣言そのものが必要なだけでした。,ギルバート・キース・チェスタートン,ピンの先き,0.6189
pd95acd5dbbf1929,絶望の底にあるこの魂のなかでは、どんなことが起っていたのだろう。,ギ・ド・モーパッサン,狂女,0.5948
pd38d2f759514619,いよいよすがたが見えなくなってしまうと、いきなりそこに泣きふしてしまいました。,シャルル・ペロー,灰だらけ姫,0.5497
pd3f152a39c1ac9c,測りがたい満悦の、耳を聾するようなとどろきである。,パウル・トーマス・マン,トリスタン,0.6238
pd9d6cff3a7c00e1,刃に添うて沢の上の蚊の声とも思われるかすかな音がきこえた、しかし何の囁きもなかった。,フィオナ・マクラウド,琴,0.5948
pd37120aaaecd650,何国の語で話ていたか、薩張聴分られなかったが、耳さえ今は遠くなったか。,フセヴォロド・ミハイロヴィチ・ガールシン,四日間,0.5785
pdbe9ea7ed0f3ccf,また、その必要も全然なかったのだった。,フランツ・カフカ,判決,0.5971
pd1451be79183199,空家と信じきって入って来たのに、案外にもそこに屍体が横わっていたのだ。,モーリス・ルヴェル,空家,0.6471
pded9430667b29bb,そして、かいばかけのまえにつれていって、そこにしっかりつないでしまいます。,ヤーコプ・ルートヴィッヒ・カール・グリム,おりこうハンス,0.6517
pd7f1c9819ac5aa2,そしてその二十年後の姿は、客間の他の隅にいる老大家のうちにちょうど現われていた。,ロマン・ロラン,ジャン・クリストフ,0.6089
pd31c37084952244,ねこは、さっそくさんせいして、いっしょに出かけました。,ヴィルヘルム・カール・グリム,ブレーメンの町楽隊,0.5767
pdc495f52f7cc0e9,しかし私たちが油断していたのはほんのわずかな時間に過ぎなかったのだ。,三上於菟吉,株式仲買店々員,0.5739
pd42fe4010a2bf47,三好、煙草に火をつけるのも忘れ、それをボンヤリ聞いている。,三好十郎,好日,0.4921
pdeab01017f53433,なにごとも二十年あれば、たっぷりであろう。,丘丘十郎,ヒルミ夫人の冷蔵鞄,0.5523
pd745278a656c765,毎夜、図書館の闇の中で、ひそひそと怪しい話し声がするという。,中島敦,文字禍,0.5995
pd384b6900746718,自分のものでない限り、誰かが来ってここにさし置いて行ったものである。,中里介山,大菩薩峠,0.5879
pd9d8e330a8d4907,ピアノの音は間違いだらけだし、声はヒステリックにわめいている。,久坂葉子,華々しき瞬間,0.6145
pd4f26ae2d862ce6,気が遠くなるような思いで待っているうちに楽屋のほうで波音を聞かせる。,久生十蘭,顎十郎捕物帳,0.6546
pdf66950d7c8b038,ところがわたしは知らず知らず自分でそれをやっていたのだ。,井上紅梅,頭髪の故事,0.6061
pd40d2a7263412fa,車井戸の鎖の音や物を投出す音が、ぐゎんぐゎんと空気に響くのである。,伊藤左千夫,新万葉物語,0.6787
pdb166f4db1cb8e1,不意に、やみの向こうの屋敷の中から、けたたましくわめき叫ぶ声が聞こえました。,佐々木味津三,右門捕物帖,0.6482
pd9b7a67ef4c26cd,間もなくこの作は同紙上に連載され始めた。,佐々木直次郎,宝島,0.472
pd8d7ae80cf74011,父も可なり一こくの方だから始末が悪い。,佐々木邦,変人伝,0.5669
pd47cbd23a56d94f,紀久子はそこに立っていて、機会の来るのを待っているより仕方がなかった。,佐左木俊郎,恐怖城,0.6676
pdc7e769d0d010b5,窓の闇から、西川渓谷の瀬音が、ただ淙々と響く。,佐藤垢石,岩魚,0.5723
pd993b27c1045740,宏児は私と一緒に船の窓によりかかって外のぼんやりとした風景を眺めていたが、不意に問うのであった。,佐藤春夫,故郷,0.5909
pde8c298c53162c0,霊魂がラジオを出すんじゃないか、とは今日でもある一部の学者が考えている。,佐野昌一,十年後のラジオ界,0.5011
pdf58709c1ad6727,又ミコちゃんの行く所へは、どんな所でも家来のように従いて行きます。,北条民雄,可愛いポール,0.5165
pd556ffdd02c22bd,花に陽があたると、白い花はパッとうれしそうにかがやきます。,原民喜,うぐいす,0.6757
pd82bf7ec7b6c997,だからお前の友だちは何年も前からこっちへこないのだ。,原田義人,判決,0.5711
pde9356ff691a7b6,菊の高雅な匂い、春蘭の身を懸崖に置きながらの優しさ。,吉川英治,剣の四君子,0.4676
pde3709d01e1cf12,――やあ、あらたまったな、なんだい。,吉行エイスケ,職業婦人気質,0.5307
pdd546356b232027,僕は噴煙をながめたままで耳を傾けて、この声の近づくのを待つともなしに待っていた。,国木田独歩,忘れえぬ人々,0.6237
pdcf47df7638f402,虫の鳴く音が雨のように、草叢の中から聞こえてくる。,国枝史郎,正雪の遺書,0.7231
pd0783429bf0daed,インキはなくなるのがつとめじゃない。,土原耕作,ペンとインキ,0.4268
pd2fe4138c8d8ec3,耳と耳の中間の風洞に壁を立て、先生の言葉をくいとめようと必死にもがいているのである。,坂口安吾,勉強記,0.6573
pde9b64c6bb68164,私は窓から見るともなしに霧雨のふっている裏山を見やっていた。,堀辰雄,晩夏,0.6191
pd6017f9e5918c64,兄さんと差向いで黙っていると、風の音さえ聞こえない事があります。,夏目漱石,行人,0.7059
pd5ee098ae45a327,雑木林がカーッと西日に輝いて、鳥の声一つ聞こえないのであった。,夢野久作,木魂,0.6866
pdd36ea613b02f79,お品がその時のことをどんな風に述べていったか、しかしそれは、ここでは云う必要がない。,大阪圭吉,坑鬼,0.6076
pd0dc30952e7ba0c,二人は白い花の茨の陰から出て、水蓮の咲いている小さい沼のほうへ歩いて行きます。,太宰治,ろまん灯籠,0.6868
pd632e4e460fd0e7,晩年は戯曲や小説をあまりかかず、もっぱら政治や道徳にかんする随筆や伝記をかいた。,妹尾アキ夫,「ザイルの三人」訳者あとがき,0.4475
pd4c1f188e3406de,ロオエングリンの音楽がふたたび耳もとにひびく。,実吉捷郎,小フリイデマン氏,0.5867
pd2d0a07e3a27180,真暗な口を開いている階段の下から抜ける、雨戸漏れの空気のゆらぎが一層冷たく脇の下を通りすぎた。,室生犀星,三階の家,0.6379
pda1885ee2764cc1,そして、夜間にする物音は、昼間では全くきくことのない音であった。,宮本百合子,杉垣,0.7171
pd63f0db53c42940,かすかなかすかな日照り雨が降って、草はきらきら光り、向うの山は暗くなる。,宮沢賢治,マリヴロンと少女,0.6826
pd90f50d32f4d574,浮世絵などもぽつぽつ買い込んで行ったようである。,寺田寅彦,俳諧瑣談,0.4926
pdefcafd19a40878,遊びにいっていると、時にはほかの部屋から陽気な唄声や三味の音が聞えてくることがあった。,小山清,朴歯の下駄,0.6387
pd8a511edaf2c807,もう秋が近づいたので、すすきには白い花が咲いていました。,小川未明,子供どうし,0.7882
pd6155aa36a18071,薄暗い面会所の前を通ると、そこの溜りから沢山の顔がこっちを向いた。,小林多喜二,独房,0.564
pdded736e190cfe4,ところが、河竹の方はどうでしょう、全然密閉された室だったのですよ。,小栗虫太郎,失楽園殺人事件,0.5992
pd99d72344fd31b5,二つ三つの鬼火――暗い晩に通例そこにちらちら見えるような――の外、そちらの方は真暗であった。,小泉八雲,耳無芳一の話,0.6013
pd7be687bd7b89c8,しかもそれがまたまったく意外な原因でありまして、いかにもくやしくてなりませんでした。,小酒井不木,体格検査,0.6313
pda9fc593eca1440,断続的に響いてくるその靴音は私の耳の底にこびりついた。,尾崎士郎,運命について,0.6406
pda58def23b17313,僕は或る人が、詩よさよなら、と言ったことを知っている。,山之口貘,つまり詩は亡びる,0.4261
pd09f518bd5c651c,意識が昏くなって、自分の絶叫が、遠い他人の声のように耳に聞こえました。,山川方夫,恐怖の正体,0.6893
pdbfc5a8bec47d54,祝言の日どりがきまると、それまで考えもしなかった不安がにわかに重くのしかかってきた。,山本周五郎,日本婦道記,0.5928
pd595f64896b131c,今は秋なので紅白、黄紫のダリヤが星のように咲き静まって居る。,岡本かの子,ガルスワーシーの家,0.6276
pd56e921d69512b6,どこやらで水の音がひびいて、その間に機織虫の声もきれぎれに聞こえた。,岡本綺堂,山椒魚,0.7067
pda248f8115370d2,ラジオ・ドラマも、それとほゞ同じことが言えそうに思う。,岸田国士,ラジオ・ドラマ私見,0.4977
pd7c64d8a194a706,しばらく私もそこに立って、家内の様子を眺めていた。,島崎藤村,芽生,0.6376
pdcfd1f1cb383924,実際今村自身にさえ、自分が罪人であるとしか思われなかったのである。,平林初之輔,犠牲者,0.5715
pdf1a602ab64137e,自分を見て、ちょっと首を低くして挨拶したが、その眉目は既に分明には見えなかった。,幸田露伴,蘆声,0.5786
pded914305fff51b,たった二日か三日しか畑も田圃も見ないのだが、何だか三年も吾子に逢わないような気がした。,徳永直,麦の芽,0.4642
pd0b816d04e7e524,河原も道路も蒼白い月影を浴びて、真白に輝いていた。,徳田秋声,蒼白い月,0.5423
pdf8a3cde0c38e18,定めしその箪笥の中には、貴女の心配になるのも無理のない何かがあるのであろう。,戸川明三,葬られたる秘密,0.4722
pd3cdb7b373824cb,知らないうちに、みんなのからだに、つかれがひそみこんだのだ。,新美南吉,嘘,0.6575
pdc6cb007a69b140,風も吹かず雨も降らず、音のない夜だった。,有島武郎,カインの末裔,0.6614
pd1f5ecb5e3b1c9a,で、くわしく、わけを話して聞かせました。,木内高音,やんちゃオートバイ,0.5485
pd424f30c040ce46,突然、可愛さと憎さがこんがらがって、わなわなとふるえ出した。,本庄陸男,前夜,0.5447
pd841af97d0129d7,おしまいにはそわそわしていたフラッド博士が二人の鈍感さにすつかりいらいらしてきたらしかつた。,村崎敏郎,とけない問題,0.574
pd877427ec3b5c7d,窓という窓は真暗で、只ホールの上の電燈だけが、扉の上の硝子板に明るく映っている。,松本泰,Ｐ丘の殺人事件,0.5967
pdbd8ea7b564aeb1,ベホックは音もさせず進み出てその槍を拾いあげ、影のようにうごき出した。,松村みね子,剣のうた,0.5489
pde34e0cdd042c81,紋之助は、じっとそれに聞き入るように、耳を澄ましているふうだった。,林不忘,釘抜藤吉捕物覚書,0.6359
pd7c0d210b9cc062,空はまぶしいほど澄み透って、遠くまでよく晴れている。,林芙美子,泣虫小僧,0.6109
pd1bf5d653fecf0e,幽かではあったが宇治の耳にもその声は聞えて来る。,梅崎春生,日の果て,0.6397
pdbd4b8a55f67220,何故って、桜の花があんなにも見事に咲くなんて信じられないことじゃないか。,梶井基次郎,桜の樹の下には,0.6054
pd854d6e27f31abd,窓からさしているかと思って、窓を見れば、窓は真っ暗だ。,森鴎外,鼠坂,0.7008
pd53bc834b12a79d,ところどころに見なれない草木が生えて、珍しい匂いの花が咲いていました。,楠山正雄,鎮西八郎,0.6843
pde0707064f2f4d2,吉は流しの暗い棚の上に光っている硝子の酒瓶が眼につくと、庭へ降りていった。,横光利一,笑われた子,0.6337
pd7346309e2fe723,そしてこの愉快な生活に、今はほとんどの同意をさえもつようになっていたのである。,橋本五郎,地図にない街,0.5918
pd020ba4d737e1e5,もう、冗談や悪ふざけどころではない。,橘外男,葛根湯,0.549
pd137ae56b3468f9,火鉢を囲んで話す者には何のかかわりもなく、隣人は暗く黙していた。,水上滝太郎,遺産,0.5443
pda521fe9482cd99,耳にはしだいに深くなった渓の底からくる水の音が聞こえている。,水野葉舟,遠野へ,0.6887
pd7db9f3d0daab4b,兼太郎は雨だれの響は雨が降っているのではない。,永井荷風,雪解,0.5864
pd941297c0794c2b,どこからともなく、へんな音が聞こえてきました。,江戸川乱歩,夜光人間,0.7188
pdf98d59812b31fd,もうここに着いてからかれこれ二十四時間以上にもなるが夜が来ない。,江見水蔭,月世界跋渉記,0.5594
pd2dcc312af0a486,ちょうど渇いてもいたし、水の潔い事を見たのは言うまでもない。,泉鏡花,伯爵の釵,0.6237
pd26b245c276da43,私が、どうしても本に身を入れる事が出来なかったのは、そういう次第なのである。,浜尾四郎,途上の犯人,0.5588
pdcabb8489260af5,犬は逃げたかも知れないが、人形は押入れに仕舞ってあったのだから、きっと焼けてしまったに違いない。,海若藍平,犬と人形,0.4756
pdcf024615d89df0,ポチの声はしているが、それに近づいたようには聞こえない。,海野十三,恐竜島,0.7241
pdb2a5f16bac736e,雨降りの休み日が二十一度、その中六度は外套を透して、長靴の中へ流れ込む程の豪雨であった。,渡辺温,アンドロギュノスの裔,0.625
pd2efb17164d62e0,三人とも何にも言わずに解りあっていたのだ。,牧逸馬,舞馬,0.6094
pd1b12c34974b801,そんな処で、お月様なんかに見せつけていないで入らないかね。,牧野信一,吊籠と月光と,0.5535
pd50dd46483ef474,が、部落への曲り角まで、そこにはついに落ちていなかったのである。,犬田卯,錦紗,0.6063
pd8fe8f8ff73e8f3,あらしはなお暴れ狂うていたが、そのときは少しく穏かになって遠のいたようでした。,田中早苗,十時五十分の急行,0.5615
pdebdf0cfb464aae,患者は一進一退の後、こうして植物の如く生きながら次第に、頭の先から立ち枯れてゆくのだ。,田中英光,さようなら,0.4889
pd4aa60fa754e5de,たださわがしい人声と笛や鼓の音が耳に一ぱいになっていたのを覚えている。,田中貢太郎,偸桃,0.709
pd5009d32cd93f04,夜遅くついた旅客の馬の鈴の音がちゃらちゃらと静かに窓の下のところでした。,田山花袋,トコヨゴヨミ,0.5836
pd501f7cbcd377e8,刀を取って玄関に出た、そこには三人の武装した人々――明かに侍達――が式台の前に立っていた。,田部隆次,茶碗の中,0.4767
pd027710a155680d,不吉な予感のあった通り、そこには支倉の姿はなかった。,甲賀三郎,支倉事件,0.5929
pd1ee71024d4db48,大坊主の方が誰であったにしても、小さい方はたしかにその正体に間違いはなかった。,直木三十五,青玉の十字架,0.5555
pd4582aa46aa8396,すると、へやのなかからかすかな声がしました。,矢崎源九郎,ヘンゼルとグレーテル,0.5566
pd44d0cc985164e4,雲がすっかり空を覆い、いまにも雨が降りそうだった。,矢田津世子,凍雲,0.6174
pddedc6e7d63ec02,するとその音は、温室じゅうにびんびん響きわたるのでした。,神西清,アッタレーア・プリンケプス,0.5803
pd3e34e199fe48de,夫婦そろってなかなかの稼ぎ屋だったので、世帯をもってしばらくたった頃には、どうやら小金もできた。,秋田滋,親ごころ,0.5227
pd54063c1e2d59cc,どんより曇って今にも降り出しそうだ。,種田山頭火,白い路,0.5649
pdd155f115e1d80a,そしてそこにあったビール樽のかげへかくれました。,竹久夢二,風,0.5415
pd27b3c09cec0f1b,えたいのしれぬものを、五分とながしこんでいたら、ぼくの食事が終った。,竹内浩三,横町の食堂で,0.4772
pdc992e98e1c2d80,いつか暗くなった戸の外に、激しい雨風の音がする、嵐だ。,素木しづ,晩餐,0.6697
pd4a82ec2c2a2159,ピクピク動くたびに、ぶらんとした首がそこらじゅう這い廻るようであった。,織田作之助,道,0.6219
pd0540fe90dfa0ad,さびしい花が日の暮を待つように咲いている、真夏の胡麻畑である。,芥川竜之介,首が落ちた話,0.6874
pde7ff3fa9041957,聴いて見ると、なかなか興味があるので、越前も耳をかたむけた。,菊池寛,奉行と人相学,0.6379
pd36b58aaed852c8,何しろ、あんなにあそこに集ってる処を見りゃあ、外の処が手薄になってるに決ってる。,葉山嘉樹,乳色の靄,0.5918
pd2d0f5a72c3ce8a,……つまり、他に理由はないんさ、要するに貧乏な友達なんか要らないという訳なんだよ。,葛西善蔵,子をつれて,0.5613
pda40c97ac0d28ca,そして、朝あさ早く起きては身じまいをして、母の所へ挨拶にいった。,蒲松齢,珊瑚,0.5745
pd572d18fa31bf40,四辺、には厚い霧が、小雨のように降り灑いでいた。,蘭郁二郎,腐った蜉蝣,0.6116
pd8c33bc48b7a48a,其れを排して、隣室の模様を覗いて見ようとしたが、帷の向うが真っ暗なので手が竦むようになる。,谷崎潤一郎,少年,0.5812
pd4540afe4355d93,ついそこの角に何かがあるような気がしてならないからだ。,谷譲次,踊る地平線,0.574
pd9a95e2c0bc6538,名も知れぬ小さな白や赤の花が咲いたらどうだろう。,豊島与志雄,道化役,0.7328
pd4acd6644ef8b1b,もっともその二、三日前に私はちょっとした物を持って、ただ入口まで顔を出したのであった。,近松秋江,霜凍る宵,0.6104
pd7dad80dcc1dcf4,いまお前が、何か云いたそうにしていたから、みんなを遠ざけたんだ。,邦枝完二,乳を刺す,0.5509
pd8fcf82f61ef5e9,逆上性の秀子も、近頃は窓を閉めて、カーテンを引いてばかり居ります。,野村胡堂,流行作家の死,0.4907
pd00ca5b169e851c,手ばやく、寝台をぐるりとまわしてもらったのです。,金田鬼一,死神の名づけ親（第二話）,0.4143
pd5d3abb5350c91a,のどがかわいたら私の左の耳の後をおさわりなさい。,鈴木三重吉,黄金鳥,0.5819
pd993bbc5a953ec4,だんだん涼しくなりますから、みんなで合奏会をやってお月様にきかせようではありませんか。,香倶土三鳥,がちゃがちゃ,0.4542
pdceed73de44f9e3,為ることはのろいようですが、しかし確かです。,高村光太郎,啄木と賢治,0.4295
pdebae06a5658dea,だから平たく言えば見物が無いと言ってもいいくらいで、雙喜が無駄だといったのも無理はない。,魯迅,村芝居,0.5625
pd67874b315a67ad,肺尖の呼吸音は澄んで、一つの雑音も聞えたことはなかった。,黒島伝治,橇,0.6147
pd091832b4af9f6b,ただ積んで置くだけで、どうしようってこともないんだ。,アントン・チェーホフ,マリ・デル,0.5931
pd6851529f15a3df,けれども月曜日までに、たったＨの部までやっただけでした。,アーサー・コナン・ドイル,株式仲買店々員,0.6234
pd9ad188a54e90dc,こいつ気が狂ったみたいに踊っている。,エドガー・アラン・ポー,黄金虫,0.5115
pdc96b4f2c52c144,いまこの人はゆすりから解放されたのを知つて、急にカッとしたのです。,ギルバート・キース・チェスタートン,村の吸血鬼,0.6143
pdba6e7f7aeb0304,そしてある辻まで来ると、かれは小さな糸くずが地上に落ちているのを見つけた。,ギ・ド・モーパッサン,糸くず,0.5892
pdb6fccf44a9e7ff,窓がしまっているので、はじめはなんにも見えませんでした。,シャルル・ペロー,青ひげ,0.5491
pdf317459cadc8e7,北向きの窓の外には、青空と鳥のさえずりと日光とが領していた。,パウル・トーマス・マン,トニオ・クレエゲル,0.6184
pd7efe0cce18c0ba,脣をもれたのはただ一つの溜息であった、あわれな祈りは心の底から出て来たただ一つの溜息であった。,フィオナ・マクラウド,漁師,0.5771
pd71074cf0e1d913,たとえばあなただとか、またそこにおられるあでやかな毛虫さんみたいにね。,フセヴォロド・ミハイロヴィチ・ガールシン,夢がたり,0.5654
pd0cadd7ccd087c6,ところでこの三年のあいだには、まさにゲオルクにとって多くの変化が起っていた。,フランツ・カフカ,判決,0.5804
pd2b01ea30c8e1ce,そして、そのことをこれまで告白しなかったのが、わたしの一等わるい落度でした。,モーリス・ルヴェル,父,0.6406
pd9aad6118f2e181,こいつは、きっと、おれにはわからねえことなんだろう。,ヤーコプ・ルートヴィッヒ・カール・グリム,こわいことを知りたくて旅にでかけた男の話,0.6472
pd8858e5e8db6f7a,実際のところ、それはただに私の声だったばかりではなく、また私の友人らの声だったからである。,ロマン・ロラン,ジャン・クリストフ,0.6016
pd7fb62d1705e09a,こんどは、どうしてもかえり道がわからないように、もっと森のおくまでつれていこうよ。,ヴィルヘルム・カール・グリム,ヘンゼルとグレーテル,0.5763
pdf9e6b24e77fb46,角々は暗黒に翳り、ただ中央だけが往来からの余光でかすかに明るい。,三上於菟吉,空家の冒険,0.5688
pd2a372dc07fe0eb,百姓の一人は仙太郎に向ってしゃがんでしまい、あやまるように辞儀をしている。,三好十郎,斬られの仙太,0.4786
pddcd892730240be,そいつが転げ落ち床をコロコロと動くのを見れば、それはスポンジボールであった。,丘丘十郎,空気男,0.5016
pd406cf554e609df,いや、まだそれと決めた訳ではないから、今からそんな必要はない。,中島敦,牛人,0.5984
pd0897e0a673d8bd,ちょうどその時分、他に往来がとだえていたから、友造を見かけて呼んだものに違いないと思われます。,中里介山,大菩薩峠,0.5833
pd1887691fac0ba8,だんだんやせほそってさびしそうであった。,久坂葉子,入梅,0.6103
pd0156d944c50f56,……ところで、それにしたって、それだけのものを金座のなかへ匿しておくというのはあぶない。,久生十蘭,顎十郎捕物帳,0.6477
pd82c8a9774ab76a,二人とも、もういい年配で眼はちらついているが、この紅白の花だけはかえってなかなかハッキリ見えた。,井上紅梅,薬,0.6016
pdd6ecff5c6426f0,お松はそれでも暫くそこに立っていたようであった。,伊藤左千夫,守の家,0.6577
pd458883b58a05be,こっちへ逃げてきたら、しみじみと話もできるだろうと思って、こっそりやって来たんだよ。,佐々木味津三,右門捕物帖,0.6453
pd7bd2f65eb3db11,生れてもいない昔のことを今更何と言っても仕方あるまいに、そこが酒の上だ。,佐々木邦,小問題大問題,0.5606
pd9f65cfc74d135a,梅雨があがると、熬りつけるような暑い日が幾日となく続いて、再び又暗鬱な雨がじめじめと降り続いた。,佐左木俊郎,三稜鏡,0.6535
pd3babd0639a20e2,よんべのしゃもじも、たしかにその狸奴の、道楽だんべえ。,佐藤垢石,しゃもじ（杓子）,0.5656
pd0e39b329f72c6e,さっきから極く低い音で三味線を弄びながら、目を畳の上に見据えている。,佐藤春夫,あじさい,0.5845
pd4fbb56b61471c6,いくら注意を与えても、乗客は云うことをきかないので、本発明方式を提供した次第である。,佐野昌一,発明小僧,0.401
pd3a0c8ef4165369,ポールもミコちゃんの言うことは何でも良く聞きます。,北条民雄,可愛いポール,0.4807
pd53452999ce5872,風はひどい雨を伴い真暗な夜の怒号と化した。,原民喜,廃墟から,0.6728
pdf33f4da2b3405b,ほんのちょっとしたことだし、息をつくほどのことでもないじゃないか。,原田義人,判決,0.5651
pd337a7bd0d3083c,或いは、共通したものを感じる場合がしばしばある。,吉川英治,三国志,0.4167
pd2548076d0bacd3,私には、私を愛してくれる数人の女達によって、運命は咲き誇っているのだ。,吉行エイスケ,恋の一杯売,0.5292
pd92d68bea4d0920,徳二郎はいつもの朗らかな声に引きかえ、この夜は小声で歌いながら静かに櫓をこいでいる。,国木田独歩,少年の悲哀,0.6213
pdd3eed57609cb4a,物を投げる音に引きつづき、罵り合う声が聞こえてきた。,国枝史郎,前記天満焼,0.7173
pd53bd22fada1758,即ち、いかにラジオの雑音があったにしても、隣室のピストルの音をききもらす筈がないということだ。,坂口安吾,正午の殺人,0.6549
pd4f0bae6193a3e3,が、その朴の木にどんな花が咲くのかその頃の私は全然考えてもみなかった。,堀辰雄,朴の咲く頃,0.6126
pd140467bbfbe608,微かではあるが只一つの声ではない、漸く鼓膜に響く位の静かな音のうちに――無数の音が交っている。,夏目漱石,幻影の盾,0.6702
pd1bc94f7dd3bf6e,どこか遠くで鶏の羽ばたきと、時を告げる声が聞こえた。,夢野久作,骸骨の黒穂,0.6728
pdfa68aae9a477e7,わたしも風間さんとおなじように気味の悪い音を聞きました。,大阪圭吉,灯台鬼,0.6042
pd3a2c44d526d4b4,お庭の隅に、薔薇の花が四つ咲いている。,太宰治,女生徒,0.6864
pd18103e43ed6a21,七十の時、メキシコへ行くといってでて、完全にこの世から消息をたった。,妹尾アキ夫,「ザイルの三人」訳者あとがき,0.4265
pdc5a2afa65ac405,しかしそんなものは、まるっきり出ないに越したことはないわけだ。,実吉捷郎,トリスタン,0.584
pde0e95e18937c54,いまはただ無心に続けるものを続けてしただけであった。,室生犀星,われはうたえども　やぶれかぶれ,0.6341
pd33addce1e7ec67,そして、我知らずそこに立ち止まった。,宮本百合子,渋谷家の始祖,0.7001
pda6bb0248f76a96,若い木霊はその幹にすきとおる大きな耳をあててみましたが中はしんと何の音も聞こえませんでした。,宮沢賢治,若い木霊,0.6612
pded41e36730694e,今のところ明白な説明はできそうもない。,寺田寅彦,俳句の精神,0.4848
pde0bed00b58e229,もっともこの方は私ばかりではなく、ほかにもそうしてもらっている不精者や横着者がいた。,小山清,おじさんの話,0.6268
pdaae4edaf6b22d1,またお庭に白い花の咲いた、高いこぶしの木のある家もありました。,小川未明,鳥鳴く朝のちい子ちゃん,0.7865
pde84c886007415c,首切り、それはもはやお君一人のことではなかった。,小林多喜二,父帰る,0.5405
pdf0e9ab5a75a6af,しかし私は、聴いているうちにも、ほかの事を考えていた。,小栗虫太郎,一週一夜物語,0.5715
pd2439ea575e5417,きりぎりすや鈴虫の鳴き声は、騒がしい音楽となっていた。,小泉八雲,ろくろ首,0.5972
pdd7fe7f10d0d86b,ふと、気がついて見ると、私の耳のそばで虻のうなるような音が聞えました。,小酒井不木,人工心臓,0.6297
pd89e3417ad486a9,ある日の午後、こっそり伍一の家へやってきた。,尾崎士郎,菎蒻,0.5789
pd32a2f3160289e0,すこし遠くなって、でも女の声はぼくの耳によくとどいた。,山川方夫,はやい秋,0.6878
pddff3149e0b4f73,……信吉には今、その途方にくれたような、力のない溜息が聞えるようであった。,山本周五郎,嘘アつかねえ,0.5676
pd26d7952586325e,いくら降っても降り白められない闇を、いつかは降り白められでもするかと、しきりに降り続けている。,岡本かの子,食魔,0.6206
pda46996e438ac92,雨はしとしとと降りつづけて、暗い庭さきでは虫の声がさびしくきこえた。,岡本綺堂,半七捕物帳,0.7033
pdd2fda9f61400df,本紙記者からその問題について書けと言われた時、私は書けばどうなるのだろうと思った。,岸田国士,戯曲復興の兆,0.4455
pd9ba4ae93391513,ややしばらくの間、二人とも黙って了って、窓の外の景色を眺めていることもある。,島崎藤村,船,0.629
pdac345d7cace622,君の子供は昨日から何も食べないで、かわいそうにひょろひょろして線路の土手にねていたんだ。,平林初之輔,夏の夜の冒険,0.5593
pd06d5455c69f31a,何も隠さなくったッていいじゃありませんか。,幸田露伴,鵞鳥,0.5763
pdaf994e0c7f0a21,またいろいろの団員中の弱点も知っていた。,徳永直,眼,0.4604
pd7242ca771ef649,帰って来さっしゃらねえところを見ると、どうも可怪いと云う。,徳田秋声,躯,0.5351
pd1eed85b775c053,おかあさんだぬきは　こまって　しまいました。,新美南吉,ひよりげた,0.6541
pdb622421a155a7f,しかしどこに行ったのか、かの一匹の蝿はもうそこにはいなかった。,有島武郎,星座,0.6314
pd65898fb0bc9dcc,自分が、すばしっこいのを自慢にして口のきき方までが、ぞんざいになって来ました。,木内高音,やんちゃオートバイ,0.5339
pda2bcea84f38b3a,音のしないように板戸を開けた、親爺は煙管を横ぐわえにしてじろっと此方を見た。,本庄陸男,前夜,0.5437
pdc05806c96a1301,しかしいまのところそれがわたしのねらつている獲物です。,村崎敏郎,古書の呪い,0.5724
pdaecba3349a2431,門柱の傍に松葉牡丹が咲き滾れている。,松本泰,秘められたる挿話,0.5962
pd1d3f80efaf589d,色がしろくて、女のように白い手だった。,松村みね子,漁師,0.5342
pd3572433873ced2,――しきりに雨戸が鳴る音で眼をさました初太郎はしばらく家の中でじっと耳を澄ました。,林不忘,釘抜藤吉捕物覚書,0.6297
pd29997ddba406ab,雨戸のような歪んだ扉を開けると、ワアンと子供達の息が私にかかった。,林芙美子,風琴と魚の町,0.602
pd0f84afed40d9f1,声と言うよりは咽喉から吹いて来る風のような音であった。,梅崎春生,日の果て,0.6351
pd126ee0be4d7a65,どこをどう歩いたのだろう、私が最後に立ったのは丸善の前だった。,梶井基次郎,檸檬,0.5883
pd7d66082c352b13,雨が窓にぶっ附かって、恐ろしい音をさせる。,森鴎外,あそび,0.6987
pd7b4a0d33807e71,馬のいななきも聞こえなければ、牛のうなりも聞こえなかった。,楠山正雄,家なき子,0.6795
pda23ad83410a4e2,まだ明るく海の反射をあげている夕空に、日ぐらしの声が絶えず響き透っていた。,横光利一,微笑,0.6188
pd9b81289619ec30,あったところで決して罪にはならない。,橋本五郎,地図にない街,0.5713
pda9fc3ecee8d088,そしてまた中込礼子その人が、どれほど有名だというのでもない。,橘外男,仁王門,0.5032
pdab931578baf7f3,だだっ広い家の真中に掛かる燈火の光の薄らぐ隅々には壁虫が死に絶えるような低い声で啼く。,水上滝太郎,山の手の子,0.5432
pd5367d7b81c6cbf,もう出るに間がないので、Ｉ君たちは一歩立ち寄って、また話しをはじめた。,水野葉舟,帰途,0.5857
pda904705cbf722c,日が暮れてもなお吹き荒れていた風はいつの間にかぱったり止んで雨だれの音がしている。,永井荷風,寐顔,0.5721
pd830df8a15271e5,どうやら、うしろから聞こえてくるようです。,江戸川乱歩,仮面の恐怖王,0.7176
pd877864b695eb15,まだ暗闇が見えるというところまでに達して居らない。,江見水蔭,怪異暗闇祭,0.5568
pd3adccc6d9c28d1,幾年目かに朽ちた牡丹の花が咲いた……それは嘘ではありますまい。,泉鏡花,神鷺之巻,0.6211
pd68b69a3b9b7a43,然しそれだからやったに違いないと云われてはたまらない。,浜尾四郎,正義,0.552
pdd88b6998232065,もうしかたがないから二人ともおとなしく遊ぶのですよ。,海若藍平,犬と人形,0.4729
pde4ef244853f7ad,血の気の多い観客さえ、石のように黙りこくってその聴きづらい高声器の音に耳を澄したのだった。,海野十三,空襲葬送曲,0.7179
pd4261c090b39583,だが、その時迄は、どんな事があってもかまえて開けてみてはならない。,渡辺温,イワンとイワンの兄,0.6179
pdc7129d4c46de3f,音は釜の中からするようでもあったし、釜前の通風器から洩れるようにも聞えた。,牧逸馬,上海された男,0.6086
pd36b756048605a3,きょうは晴れるかとつぶやきながら、私は窓をあけて見た。,牧野信一,鬼涙村,0.5511
pdbd6691c627bccf,こちとらのような足りねえ者には、政府の方で心配して、何俵でも廻してよこすんだっペからよ。,犬田卯,米,0.5978
pd5fd6edaee5f86c,もう一人の産婦も、やはりわたしと同じように信じているのです。,田中早苗,二人の母親,0.5572
pde71cc3be58db58,池田は良心的なコミニストだったが、ぼくのように大男で、同じように臆病な欠点があった。,田中英光,さようなら,0.4812
pdf8a276373cb40c,外は林で椿のような花が淋しく咲いていた。,田中貢太郎,崔書生,0.7063
pdf69469f56339d0,身二つになりさえすればよいと思ったが、それは誤りであったことがすぐわかった。,田山花袋,ネギ一束,0.5752
pdaa7c1203fcb8c2,息をきらして、賽銭箱をもってお勝が入って来た時、女房や娘達はどんなに叫んだろう。,田部隆次,幽霊滝の伝説,0.4654
pd90e0c525cf4c96,一人ぐらいおれの計略を見破るものがあってよいのだが、そんなやつはいないらしい。,甲賀三郎,蜘蛛,0.5641
pd9011b0f5180606,すると、そこにジュリアス・ケイ・ブレインの姿がそっくりそのまま出来あがった。,直木三十五,秘密の庭,0.5555
pd392a9533f61d48,そして、この宮中でいちばん名誉のある位につきたければ、それもかなえてやろうと約束しました。,矢崎源九郎,白ヘビ,0.5543
pd828a9a017c4e9c,お春に代って聴かせると、園子の声でこれから伺ってもよいか、という。,矢田津世子,女心拾遺,0.6044
pdc5096e40ce56d5,……ただ一つ僕が心配だったのは、これをどうマーシャに伝えたらいいか、ということでした。,神西清,真珠の首飾り,0.5762
pdc1f0681a1034c5,ことに私には殺すべき何等の理由もない人を私が選んだ場合、誰かが私を疑うだろうか。,秋田滋,狂人日記,0.5148
pd7b36aee672a763,しかも私は書かずにはいられないのだ。,種田山頭火,砕けた瓦,0.5539
pd0b1fe75cb29fe6,どんな物をでも可愛がってやろう、そしてどんな物とでも話をして、仲よくしようとそう考えました。,竹久夢二,たどんの与太さん,0.5389
pda76a7a46a0012a,ちぎれてとびちるまで、ぱたぱた鳴りましょう。,竹内浩三,入営のことば,0.4733
pd10766e56263481,また瞳の底を通して遠く未来に、淋しい安らかさを持って、その絵が見えるのであった。,素木しづ,晩餐,0.4934
pdc563a095ccdce5,一代の想いと共に来たのだということよりほかに、もう何も考えられなかった。,織田作之助,競馬,0.6162
pdbeff8514b36af2,しかし何も言わずにいることはそれ自身僕には苦しかった。,芥川竜之介,冬,0.6817
pd659c635e4aa98e,そして、立っていろというところに立っていて人などが出て来て妨げなどする場合はよく防いで下さい。,菊池寛,女強盗,0.6372
pd534cbb7ae761ec,俺は物を言うのがもううるさくなった。,葉山嘉樹,牢獄の半日,0.5849
pd85a735b458881e,ああして一人でいたってしようがないんだからね。,葛西善蔵,父の出郷,0.5504
pdc550a3f318a202,あなたがここをおひきあげになると聞いたので、それで、そっと来たのですよ。,蒲松齢,五通,0.5738
pd7ece9778c0e83e,しかし大村は、呆然としながらも、火星と聞いて思わず耳を欹てた。,蘭郁二郎,火星の魔術師,0.5965
pdf962371fa4f917,夜が更けてがらんとした寺中がひっそりした時分、私はひそかに鏡台に向って化粧を始めた。,谷崎潤一郎,秘密,0.5705
pda98b1625ec7649,明るい窓が、先へ往くほど小さく、長く続いていた。,谷譲次,踊る地平線,0.5633
pda1b090cc50f68f,雨は降りませんでしたが、風もなく、ただ仄白い夜明けでした。,豊島与志雄,画舫,0.7313
pd7ce0f0a2c227ce,天気が好ければよくって戸外に出るし、雨が降れば降って家内にじっとしていられないで出て歩いた。,近松秋江,別れたる妻に送る手紙,0.6102
pda96a323b5eba7a,まったくそんな御用なら、上って頂くにも及びますまい。,邦枝完二,曲亭馬琴,0.5401
pd25338b5a8228ee,白装束の雪女の姿は、根岸の寮の召仕達も確かに見たと言います。,野村胡堂,猟色の果,0.4774
pd0c52b4a33280d6,ただ人の出来ないことがたった一つ出来るだけでございます。,鈴木三重吉,ぶくぶく長々火の目小僧,0.5807
pd26074eed1a9162,おれの音楽にかなうやつは一匹もいまい。,香倶土三鳥,がちゃがちゃ,0.4311
pda1c1d4064f31c9,○人物にも時々たいへんすぐれた人が出ています。,高村光太郎,啄木と賢治,0.4245
pdfa87b0f8f5e6e6,しかもこの白光は遠くの方ではあるが、まさに前面にあった。,魯迅,白光,0.5541
pd6a26ccc66bc85a,そんなものをかえりみているどころではなかった。,黒島伝治,国境,0.6139
pd15de39219dcb19,もう五月で、桜の花が咲いているが、庭は寒い。,アントン・チェーホフ,桜の園,0.5926
pd074837b18a5750,そしてこれを前に並べて、机に向って何かやっていた。,アーサー・コナン・ドイル,暗号舞踏人の謎,0.62
pd1011bc0abd81b2,まったく神の業はデモクリタスの井戸よりも深い。,エドガー・アラン・ポー,メールストロムの旋渦,0.4043
pd03aa9f1c1176b1,こいつは困難な話で、でたらめにほうぼうに疑いをかけたりなんかしそうですからね。,ギルバート・キース・チェスタートン,ピンの先き,0.6136
pd0bff3d8d9b404e,夕方の薄暗いときに何か怪しい物をみると、わたしは逃げ出したくなります。,ギ・ド・モーパッサン,世界怪談名作集,0.5844
pdbedcbe26e2b9b7,わたくしは、今にもひとつかみになさるかと思って、ぶるぶるふるえていたのでございますよ。,シャルル・ペロー,猫吉親方,0.5378
pd7d9aa46bf54f32,愛してくれるものが、この地上にただの一人もないのである。,パウル・トーマス・マン,墓地へゆく道,0.6154
pd907aecd127d3af,月がのぼった時、水は真白に凪いでいた。,フィオナ・マクラウド,かなしき女王,0.5761
pd9de60f77411e5d,だが、それはただ大衆を安心させるために取り入れられた形式にすぎなかった。,フランツ・カフカ,断食芸人,0.5653
pd589638a0fdf3e4,今にも戸口の呼鈴が鳴りそうな気がして、空しく耳を澄ましたことも幾度だったか知れない。,モーリス・ルヴェル,ふみたば,0.6306
pdcec6425759017e,するともうそこに、一ぴきのこどもやぎが、ぴょこんとあたまを出しました。,ヤーコプ・ルートヴィッヒ・カール・グリム,おおかみと七ひきのこどもやぎ,0.6456
pd9a9b7bb56068e7,いや、はっきりした原因があるのではなさそうだった。,ロマン・ロラン,ジャン・クリストフ,0.5879
pde7201cdd92dae9,といっても、その木を見つけるめあては、まるっきりないのです。,ヴィルヘルム・カール・グリム,白ヘビ,0.5754
pd538ecabcb41c2d,わたしはもう一切それには触れたくはありませんの。,三上於菟吉,暗号舞踏人の謎,0.5622
pdee01bf5fe1ed93,人が三四人しゃがんでおれるくらいの広さの壕の内部が、こちらから見える。,三好十郎,猿の図,0.4238
pd62409999e843de,重苦しく淀んだ・不吉な予感に充ちた部屋の空気の中に、ただ一つ灯が音も無く燃えている。,中島敦,牛人,0.5743
pd9edb9ff4024a2e,小絃は切々として、私語のように掻き鳴らすところは鳴らします。,中里介山,大菩薩峠,0.5808
pd33db51626f7065,そして、とあるのみ屋へ又はいったのです。,久坂葉子,幾度目かの最期,0.6039
pd40b1c988fb2861,こいつァ、化かされるにきまっています。,久生十蘭,顎十郎捕物帳,0.6449
pd133e6b728f3252,よく聞き慣れた声だが眼の前には誰もいない。,井上紅梅,孔乙己,0.5897
pd7c9edc32296ae9,風が強く吹き出し雨を含んだ空模様は、今にも降りそうである。,伊藤左千夫,浜菊,0.6523
pda6d6841207ad9b,はいろうとしたお牢屋同心の詰め所の中から、ぴしり、ぴしりとむちの音が聞こえるのです。,佐々木味津三,右門捕物帖,0.6438
pd195bfb4ded7d70,気を落ちつけて能く見分けろってのはこゝだよ。,佐々木邦,小問題大問題,0.546
pd2aa01c822cc512,どこか遠くの遠くから夜明けの足音が静かに近づいてくる。,佐左木俊郎,猟奇の街,0.6513
pdd89c74e8de00df,ところが、私が想像していたところの妹さん――いやこの兄さんには少しも似ていない。,佐藤垢石,縁談,0.5533
pd2cf477ef8c22f7,軒から雨だれが光ってしづくしている。,佐藤春夫,あじさい,0.5512
pddf25a6309af98d,雨はバスの屋根を洗うように流れ、窓の隙間からしぶきが吹込んだ。,原民喜,秋日記,0.6566
pdb8c45e61bd5575,こっそり申し合わせたようにどこでも断食の見世物を嫌う傾向がつくられてしまっていた。,原田義人,断食芸人,0.5506
pd7e6b638e57fc47,登場人物なども、審らかに数えたなら何千何万人にものぼるであろう。,吉川英治,三国志,0.4099
pd06c39d2e605b6a,私が窓をひらいたときには、階上から転落した黄の姿が小さな尾を海辺にひいていた。,吉行エイスケ,スポールティフな娼婦,0.5268
pd9c58c4fcc74437,しかしまず私の目につきましたのはそこに一人の娘が坐っていることでございます。,国木田独歩,女難,0.6209
pdfcc36a7f8da6c7,と、この時、左門の高く呼ぶ声が聞こえて来た。,国枝史郎,血曼陀羅紙帳武士,0.7133
pd0c03b23a5a212e,けれども、そこにいるのは克子だと思うことができる。,坂口安吾,明治開化　安吾捕物,0.6547
pdc841bc510640a2,お前かしらと思って、私は近づきかける。,堀辰雄,麦藁帽子,0.608
pd408eafd337adbd,歌はしばし絶えて弓擦る音の風誘う遠きより高く低く、ウィリアムの耳に限りなき清涼の気を吹く。,夏目漱石,幻影の盾,0.6701
pd9898e27c6f962f,たしかに、そんな声が聞こえるのであった。,夢野久作,木魂,0.6668
pd4a2d6f30173de9,すると窓の女は、静かにこちらを向いて淋しげに微笑んだ。,大阪圭吉,銀座幽霊,0.5921
pd81d9d7f4ac7e12,しかし、それは、私のほんの一部分でしか無いのだ。,太宰治,フォスフォレッスセンス,0.683
pdc2e8117be204a6,というのは、今まで身動きの音さえ立てずにいたその男が、その時いきなり話をはじめたからである。,実吉捷郎,幻滅,0.5813
pd00d04b0b530ad2,男は酔った声で低く遠慮しているような声でささやいた。,室生犀星,香爐を盗む,0.6302
pd39d810773ca877,咲二のこと、次でお咲の容態を一時に知らされた浩は、どうしてもほんとにされなかった。,宮本百合子,日は輝けり,0.6932
pdf1e21633252090,そしてもちろんそこにはその童子が立っていられましたのです。,宮沢賢治,雁の童子,0.6463
pd6349add58b8ff4,次にはその眼前の景物の中からその焦点となり象徴となるべきものを選択し抽出することが必要である。,寺田寅彦,俳句の精神,0.4747
pd98e1173b078b3e,かえりみてうなずいてやるとトシは嬉しそうににこにこした。,小山清,夕張の宿,0.613
pdaec37017a5e381,外の暗い空を、吹いている風の音が聞こえました。,小川未明,大きなかに,0.783
pd5edcf945928a06,しかし、それは本当にしっかりした、もの確かな動作だったよ。,小林多喜二,母たち,0.5398
pd806c484f9c597d,しかし、いまの説明のなかに判じられないようなものがある。,小栗虫太郎,「太平洋漏水孔」漂流記,0.5668
pd6e985c80d8a69b,が、それをとにかく考えている間もなかった。,小泉八雲,耳無芳一の話,0.5926
pdf4bfcb53f26171,と言うのは一々それが当っていたからである。,小酒井不木,怪談綺談,0.6295
pd7298ea808d7ba7,――その鳴き声は流れとともに近づいてきた。,尾崎士郎,河鹿,0.5639
pda339e282f43e92,雨滴が絶え間なくガラスの窓を流れ、遠くに、かすかに雷の音も聞こえる。,山川方夫,歪んだ窓,0.6861
pd2e22368ba090eb,そして茫然としている其角の手を両方からひっ掴むと、物も言わずに引摺って行く。,山本周五郎,其角と山賊と殿様,0.5398
pd65142240f93159,むしろ当然、そうするのがよいのだという気がしてただ黙って目送していた。,岡本かの子,宝永噴火,0.6196
pd42b86e88aba3af,門には一本の大きい桃が紅く咲いていた。,岡本綺堂,半七捕物帳,0.6862
pdcf3143d49001e1,また、何人も、かく感じ得る状態を捉えようとしない。,岸田国士,「ぶどう畑のぶどう作り」後記,0.4447
pdb41dc19ac72519,まばらな蔭は僅かにそこに落ちていた。,島崎藤村,芽生,0.6283
pd17bf67d6ed7b0f,けれども、それは何も証拠のないことである。,平林初之輔,犠牲者,0.5549
pdd37cd888735d1a,一人で物をおもう事はないのだ、話して笑ってしまえばそれで済むのだ。,幸田露伴,太郎坊,0.5713
pd56897c6709b806,そして怖々に、障子を開けて塀越しに覗くと、そのまま息を凝らしてしまった。,徳永直,眼,0.4581
pd3fdc90fc62a34c,すると遠いざわめきのなかに、ひと声、子山羊の鳴き声がまじったのを聞きとめた。,新美南吉,川,0.648
pdc666ef4b2c30e6,婆やはぴょこぴょこと幾度も頭を下て、前垂で、顔をふきふき立って行った。,有島武郎,碁石を呑んだ八っちゃん,0.6209
pdb4526184c338e5,誰でもその口実をはっきり知っていた。,本庄陸男,お菜のない弁当,0.5149
pd205bc5d25018b3,ほんのわずか証言を混乱させただけでした。,村崎敏郎,手早い奴,0.5692
pd4664e0c244c854,しばらくして遠くの廊下に、軽い足音がした。,松本泰,宝石の序曲,0.59
pd6b3032273a89dd,暗い野原の月にひかる小屋のように蒼じろい顔をして、声は低く優しかった。,松村みね子,最後の晩餐,0.5147
pd0aec0c06ad076b,いい気もちそうに、しきりに声高に唄いつづけている。,林不忘,釘抜藤吉捕物覚書,0.6228
pd975f8e7a86bd24,島の上には白い花を飛ばしたような木がたくさん見えた。,林芙美子,風琴と魚の町,0.5975
pd465157548cd30d,そしてそれはただの可笑しさだけであった。,梅崎春生,黄色い日日,0.6294
pd3462dce9af312b,自分はすこしも悪いことはしなかったつもりだ。,梶井基次郎,小さき良心,0.5741
pdc712c5d25a7b3b,聞こえるものは谷川の音ばかりである。,森鴎外,木精,0.6817
pd775369842bf436,暗さは暗し、雨はいよいよ冷たく骨身に通った。,楠山正雄,家なき子,0.6776
pddf6c12b2fd6bbb,なんじの耳をわれに傾け、我が呼ぶ日にすみやかに我にこたえたまえ。,横光利一,春は馬車に乗って,0.6105
pdea36477dab7572,庭のあたりで、たしかに、何か悲鳴のようなものが聞えたのである。,橋本五郎,小曲,0.5438
pd9133ad96ea0dc0,ただここに掲げる一篇の事実を提げて、いっさいを諸君の批判の下に委ねんと思うのみである。,橘外男,蒲団,0.4869
pd182eb48e510075,私もそれよりほかに何にも、追窮しなかった。,水野葉舟,北国の人,0.5751
pd38710e04a53f22,いゝ気味だと嘲弄致すものゝやうに聞きなされ、秋蝉の鳴きしきる声は、惜しよ惜しよ。,永井荷風,榎物語,0.5711
pd2cbcc97aa8bbfa,いけがきのむこうから聞こえてくる音が、恐ろしい意味をもっていたからです。,江戸川乱歩,妖人ゴング,0.7149
pdc0fb0c1ab79e22,けれども何とも口外せず、恐縮したのであった。,江見水蔭,壁の眼の怪,0.5566
pd9e7981416cb5c4,こんのお浜ッ子が出来てから、己なりたけ小遣はつかわねえ。,泉鏡花,海異記,0.6192
pd987a0dea56b230,僕が何故今まで黙って居たか、之には深い理由があるのです。,浜尾四郎,正義,0.5519
pdeb39cb6ee9bb6a,さあ、あなたの持っていらっしゃるものを皆下さい。,海若藍平,クチマネ,0.4648
pd42a7a1f6993ac6,窓外の空は月は見えながらも、だんだん暗さを増していった。,海野十三,月世界探険記,0.714
pdecbb0296ab5e61,初めの中こそ二人並んでいたのだが、直きにＢは可なりの距離を残してＡの先に立った。,渡辺温,花嫁の訂正,0.6013
pdc326fa8144d666,湯を打つ水音に呑まれて、二人の声はもう助五郎の耳へは入らなかった。,牧逸馬,助五郎余罪,0.6048
pd9986651684f842,きっとそうくるだろうとは思っていたものの、明らかに言われてみるとドキッとした。,牧野信一,地球儀,0.551
pdc1eb695555fa47,だが、その正体は誰も見たものもなく、ただ徒らに名ばかり高いのである。,犬田卯,沼畔小話集,0.5968
pdd62b497825a303,わたしの外には誰もお花なんか供げてくれ手がないんです。,田中早苗,碧眼,0.5545
pd17a9304307e647,盆の中の花はだんだん芽が出て、九月になってもう花が咲いた。,田中貢太郎,黄英,0.6998
pd0f291cd7cacbe0,今でさえ借りた金に困っているのに、此上金を工面することなどはとても出来なかった。,田山花袋,トコヨゴヨミ,0.5744
pd018db2a192d981,巳之吉は戸をしめて、それに木の棒をいくつか立てかけてそれを支えた。,田部隆次,雪女,0.4653
pd7afafac34c21cc,貴様は今頃になって気がついて、破れた窓を調べに行ったが、もう遅い。,甲賀三郎,計略二重戦,0.5633
pd9a75cfc42a1b58,鉢植えのひくい樹木があり、レモン色と白のだんだらの窓かけがさがっていた。,直木三十五,青玉の十字架,0.5524
pdd65fb017bd3fb2,ところが、ひとこというたびに、ヒキガエルが一ぴきずつ口のなかからとびだしてきました。,矢崎源九郎,森のなかの三人の小人,0.5523
pd67e10b57ee0793,爺さんには、そこに内儀さんがつつましやかに立っていて何やら話しかけているような気がしてくる。,矢田津世子,神楽坂,0.6038
pd130a5bc52059ea,夜になると、またトロイカに乗って郊外の料理店へ行き、ジプシイの唄を聴いた。,神西清,大ヴォローヂャと小ヴォローヂャ,0.5761
pd2957035f8c7270,自分が咳をするのを聞いたら、なんぼなんでも、良人は医者を呼んで来ずにはいられまい。,秋田滋,初雪,0.5109
pd1196eb188e3708,しかも、そこでまた自分ながら感心するほど綿々密々として、米を洗い味噌を摺るのである。,種田山頭火,私の生活,0.5422
pd9e5d8b0a8d2def,忽ちへとへとに労れてしまって、霧笛の音は、とぎれとぎれになった。,竹久夢二,おさなき灯台守,0.5201
pdf79720f778b5a7,金風の夕焼のなかで、ぼくはほんのりと酩酊して行った。,竹内浩三,横町の食堂で,0.4583
pdb1fef487b15f0b,宿なしの悲しさが、土砂降りの雨のように小沢の心に降り注いで来た。,織田作之助,夜光虫,0.6152
pd537f8d13532225,二人はまた口を噤んで、電車の音とも風の音ともつかない町の音に耳を傾けた。,芥川竜之介,路上,0.6784
pd868151d21fc064,少しの自惚も交えずに考えると、俺にはそんなものが、ちょっとありそうにも思われない。,菊池寛,無名作家の日記,0.6269
pd486f4e0afaab5b,コーターマスターは、ボースンの耳へ口をつけた。,葉山嘉樹,労働者の居ない船,0.5708
pd919efd1755e26c,……それは余りに理由ないことであった。,葛西善蔵,子をつれて,0.541
pdfb93ccafbdc8f8,やはり石ころが土の中に雑っているばかりであった。,蒲松齢,珊瑚,0.5711
pdf5569a8cb1a70a,中にはすでに口を開けて、炭団のように大きな栗の実が、いまにも澪れ落ちそうに覗いてさえいるのだ。,蘭郁二郎,火星の魔術師,0.592
pd1b34353bbce0cb,我ながらけなげであると思われるほど、良心の声に耳を傾け佛の救いを求めても見た。,谷崎潤一郎,二人の稚児,0.5673
pdbae799fd8bc9bf,私達は、そこに満足な友情をさえ汲み取ることに成功していた。,谷譲次,踊る地平線,0.5557
pd695193fbf3efb5,夜の静寂の音とも細雨の音とも知れないものが、耳について、なかなか眠れませんでした。,豊島与志雄,沼のほとり,0.7104
pd6143107fe58b19,しかしながら、それがどういうことであったか、ここではそれを言うまい。,近松秋江,雪の日,0.6101
pd683aa101a70202,なんなら遠慮なしに、家へ来ていたらどうだと、そういうに極っている。,邦枝完二,曲亭馬琴,0.5377
pde39f0ca7c159f0,神秘小説の題材として、音楽を使ったものは甚だ少くない。,野村胡堂,探偵小説と音楽,0.4731
pd69d0784fb46109,そして、もう、ただのお家とちっともかわらなくなってしまいます。,鈴木三重吉,岡の家,0.5787
pdfea39fa2b3e3d6,森の中に入ると、忽ち一丈もある位の一つ目入道が出ました。,香倶土三鳥,狸と与太郎,0.4099
pd67948024edfc90,しかしなかなか落ちついていられないのでせわしなく訊き始めた。,魯迅,明日,0.5495
pd7209fc4f1060a5,湿った暗闇の中を、砂煙が濛々と渦巻いているのが感じられる。,黒島伝治,土鼠と落盤,0.6017
pd3af944c58f24fe,一つにはまずあの見物で、これが無教育で野蛮と来ている。,アントン・チェーホフ,可愛い女,0.5867
pd33ca29ca86c028,畢竟、これとてたいしたことではない――ただ一つの音だけであったに過ぎない。,アーサー・コナン・ドイル,世界怪談名作集,0.6151
pd668ee4841f4916,大探偵は机に向って、一同がはいって来るのも聞こえねげに、仕事に熱中しているかと見えた。,ギルバート・キース・チェスタートン,秘密の庭,0.6022
pd9d6c98ca724cb7,部屋の内はまっ暗で、最初はなんにも見えないほどでした。,ギ・ド・モーパッサン,世界怪談名作集,0.5814
pd830bfc2eddd31c,すえのむすこは、こんなつまらない財産を分けてもらったので、すっかりしょげかえってしまいました。,シャルル・ペロー,猫吉親方,0.5249
pdb30c8f8fcd22f3,老ホフマンはそこにいろんなつづき合いを持っていたのである。,パウル・トーマス・マン,幸福への意志,0.6042
pdbbedf5d4f8d22b,風もない凪ぎの海から波が立って、雷のわたって行く時のような空虚の音を立てた。,フィオナ・マクラウド,髪あかきダフウト,0.5748
pd632e2f8b8ae6c1,たとえば、落葉のかさかさいう音のように響くのだ。,フランツ・カフカ,家長の心配,0.5626
pd220f317d662bff,雨はまだ降らないけれど、あらしがだんだん近づいていました。,モーリス・ルヴェル,十時五十分の急行,0.629
pd8677df0c4a70a7,こんどは森のもっとおくまでつれこんで、もう、とてもかえり道のわからないようにしなきゃだめさ。,ヤーコプ・ルートヴィッヒ・カール・グリム,ヘンゼルとグレーテル,0.6453
pd88696847509b82,そして二十四時間とたたないうちに、あまり信じてもいないあの世へ旅だってしまった。,ロマン・ロラン,ジャン・クリストフ,0.5842
pddc932b32c8e243,すると、そこに魔法をかけられた小さな小屋がたっていました。,ヴィルヘルム・カール・グリム,十二人兄弟,0.5746
pd24764216d3321e,三方は書物を立て並べられ、書机は普通の窓に向って置かれ、そこから庭園は見渡されるのであった。,三上於菟吉,暗号舞踏人の謎,0.555
pdbdfcb010fcab35,しかも、これに気付いている者はほとんど無い。,中島敦,文字禍,0.5629
pdbf41e99d504f30,ああ、いやだ、だんだん外が暗くなる。,中里介山,大菩薩峠,0.5801
pdd672a05182a6bb,胃のなかに、かなしいほどつめたいものが大いそぎでおちこんだという感じがします。,久坂葉子,落ちてゆく世界,0.6002
pd2f6723e672dc66,部屋のなかは急にヒッソリとなって、今まできこえなかった小鳥の声がのどかにひびいてくる。,久生十蘭,キャラコさん,0.6446
pdd3d802d964683f,もう一つ小さいのが、洞の口から首を出したんですが、すぐに引込んでしまいました。,井上紅梅,兎と猫,0.5848
pdaf67acd34b20ba,時々空が暗くなって雲が濃くなると一頻りずつ必ず雨を降らせる。,伊藤左千夫,大雨の前日,0.6454
pdd67faad2b0d224,春が来て花が咲くゆえとよんだればこそ、しごきどろぼうもだんなのお目に止まったじゃねえかよ。,佐々木味津三,右門捕物帖,0.6415
pdded178775e35cd,今度は引受けるのみならず、学資一切を持ってやるけれど、勤まるか何うかと念を押して来た。,佐々木邦,変人伝,0.5432
pd1f0ba4f485df8c,何かしらそこに相互的な関係を考えずにはいられなかった。,佐左木俊郎,機関車,0.643
pde8ec839db66a5b,同志は寂として、しわぶき一つするものがない。,佐藤垢石,『七面鳥』と『忘れ褌』,0.5507
pdc5af69ea7a4196,僕は笑いころげたい気持を堪えて、その蝗からしばらく目を放さなかった。,佐藤春夫,蝗の大旅行,0.5284
pdf73429f9f722c4,僕の眼は朝ごとに花の咲く野山のけはいをおもい、僕の耳は朝ごとにうれしげな小鳥の声にゆれた。,原民喜,鎮魂歌,0.6377
pdaa566bff2bb4d5,とはいえ、これは断食というものとおよそ切り離すことのできない嫌疑の一つではあった。,原田義人,断食芸人,0.55
pd54380cf62b2b23,――ロップ、一時は駄じゃれで君をメキシコ湾だと云ったが、僕の純情知ってくれたか。,吉行エイスケ,飛行機から墜ちるまで,0.5159
pdc200d4e99d1ced,ただその容易でないことを話しただけでよしました。,国木田独歩,春の鳥,0.6198
pd253e9727d17997,濤の音が高く聞こえる……ああ湖の上に灯が見える。,国枝史郎,八ヶ嶽の魔神,0.7128
pdbafd54397e6ab7,今まで一人ずつ現れていた三名が、今や並んでそこに姿を現しているだけのことである。,坂口安吾,明治開化　安吾捕物,0.6537
pdfb13325596787d,私もその木がこうやって花咲いているのを見かけるのは今がはじめてだからである。,堀辰雄,朴の咲く頃,0.6077
pd4c1e07ef189a8b,隣りの合奏はいつしかやんで、樋を伝う雨点の音のみが高く響く。,夏目漱石,一夜,0.6661
pd420e2bda7fc1ee,とたんに御本丸から吹きおろす大体颪に、返咲きの桜が真白く、お庭一面に散乱した。,夢野久作,名君忠之,0.666
pd1e11cf993e979e,けれどもそこには、三田村技手がいくつかの荷物を持って、わたし達よりも一足先に登って来ていた。,大阪圭吉,灯台鬼,0.5914
pd7780a863a9d889,玄関の前の百日紅は、ことしは花が咲きませんでした。,太宰治,おさん,0.6723
pd1075ac955e6c94,だってあたし知ってるけど、あそこには小さな舞台があるのよ。,実吉捷郎,ルイスヒェン,0.5736
pd45d7a2746b77bb,あんな物を取って置こうなんて言った患者さんなんて、世界にも恐らく一人もないでしょう。,室生犀星,われはうたえども　やぶれかぶれ,0.6246
pd531201d479b99d,丁度無心に咲いている花の、花自身は知らぬ深い美に似たものが、ふき子の身辺にあった。,宮本百合子,明るい海浜,0.6911
pdcfaf14bd6a7740,じつにそのかすかな音が丘の上の一本いちょうの木に聞こえるくらいすみきった明け方です。,宮沢賢治,いちょうの実,0.6389
pd19e685902b2579,古い昔の短い詩形はかなり区々なものであったらしい、という事は古事記などを見ても想像される。,寺田寅彦,俳句の型式とその進化,0.4625
pd98a0f5561d010a,マリヤは碾臼を廻しながら、亭主の声に耳を傾けている。,小山清,聖家族,0.6124
pd7d7f877b264700,姉は、白い花の咲いた木の下にたたずんでいました。,小川未明,灰色の姉と桃色の妹,0.7779
pdd463e39de3d428,皆は何んにも言わないで、また歩きだした。,小林多喜二,人を殺す犬,0.521
pd5b4752f2116e57,じつは、ひとりそこへ入り込んで奇蹟的に生還したものがいる。,小栗虫太郎,「太平洋漏水孔」漂流記,0.5666
pd5b166f771fc13e,初めのうちは青くなって泣いていたが、すこしためらってから、明らさまに答えた。,小泉八雲,生霊,0.5646
pd23b1dbadb9661a,挨拶もそこそこに、その家を出ると車の上に崩れるように身を投げた。,小酒井不木,初往診,0.629
pd74cea10200cdca,わたしは一度だって、あなたとわたしとを別々のものにして考えたことなんかないのよ。,尾崎士郎,河鹿,0.5601
pddd2ad0efbb5c88,風が遠く近くで唸り、雨戸がさわがしく鳴りつづけていた。,山川方夫,愛のごとく,0.668
pd51b0d5a620e8c9,――もうやまはないとか聞いていますが、あなたはあてがあるのですか。,山本周五郎,藪落し,0.536
pdac28147daf59c9,たった一つしかない子ひばりを、どちらへ渡してよいものやらわからなくなったからです。,岡本かの子,ひばりの子,0.6126
pd20181b98afedd2,あたりには、今を盛りのつつじの花が真っ紅に咲きみだれていた。,岡本綺堂,鐘ヶ淵,0.6835
pd3202cc948d9f4e,何よりも、力み返ること、大声を立てることが嫌いです。,岸田国士,母の話,0.4212
pd9a977df68c228f,しかしそんなまとまった金がふところにはいるということを、私は次郎にも末子にも知らせずに置いた。,島崎藤村,分配,0.6225
pd0dcc22675f6e0d,ただこの数ヶ月間、私は職を失って、物質的にもとりわけひどく困っていました。,平林初之輔,悪魔の聖壇,0.5474
pdc6ef4f59d469ab,と言って聴かせている中に、少年の眼の中は段に平和になって来た。,幸田露伴,蘆声,0.5641
pd3bd46327972eef,麦の芽達は、無惨に踏みちぎられて、悲鳴をあげてるではないか。,徳永直,麦の芽,0.4501
pd03fcdb05f3656b,たけのこは　はじめ　じびたの　したに　いて、あっち　こっちへ　くぐって　いく　もので　あります。,新美南吉,たけのこ,0.6412
pda99922b1d3a42e,ぱちぱちとたき火のような音も聞こえていた。,有島武郎,火事とポチ,0.6109
pdfac471bca363f7,帽子の裏をひっぺがしたりした揚句、とうとう弁当箱の蓋を取れ――と来た。,本庄陸男,お菜のない弁当,0.4443
pd82634718765ce6,支配人やバーテンダーは全然その男を見ていません……つまり全然見なかつたと言つています。,村崎敏郎,手早い奴,0.5674
pdb9d4aaf5880eda,もしやすると、そこへいったのかも知れない。,松本泰,秘められたる挿話,0.5741
pd3a13f1995fdfcb,暗いかげに隠れている激しい人たちが私の頼りなさを見ているらしかった。,松村みね子,最後の晩餐,0.5123
pdda706158a7d8b1,地を叩く雨声、空に転がる雷、耳へ口を寄せても根限り呶鳴らなければ通じない。,林不忘,釘抜藤吉捕物覚書,0.6227
pd844c5501123de4,銅像の裏には共同便所があるので、色々な人たちが出たり這入ったりしていた。,林芙美子,貸家探し,0.5956
pddc1aaa8e6b8a60,すこし怪しいぞ、ということになりかねないですからねえ。,梅崎春生,凡人凡語,0.6274
pd338410fd22ee4a,さきほどの客のように抓って見たところで、ごく稀にしか悲鳴を発しないのである。,梶井基次郎,愛撫,0.5732
pdef33ef2a22d37d,外は相変らず、灰色の空から細かい雨が降っている。,森鴎外,あそび,0.6752
pd95b47709709343,そして静かな松風の音にまじって、さらさらと薄い絹のすれ合うような音が、耳のはたで聞こえました。,楠山正雄,白い鳥,0.6635
pda1416a1444949e,もしも恋慕が花に交って花開くなら、やがてそのものは花のように散るであろう。,横光利一,花園の思想,0.599
pd5f1c4836f9d315,いやチョークを拾うにしては、そうだ、右手の高さが確に床よりはだいぶ高い空間にあった。,橋本五郎,撞球室の七人,0.5282
pde25415a3100344,グスタフはのた打ち廻って、もう側に私のいることにも気が付かぬらしかった。,橘外男,葛根湯,0.4794
pd24c141b3d61017,こっちも仕事に逐われて、いつの間にか一と月許りは経ってしまった。,水野葉舟,北国の人,0.5613
pd5b85b720cde5ae,どこか外に身を置くところはないものかと、さし当り目当のつかない事ばかり考えつづけているのである。,永井荷風,或夜,0.5688
pd3c712c0408ad3c,すると、そのとき、バスの中から恐ろしい音が聞こえてきました。,江戸川乱歩,サーカスの怪人,0.714
pd855ca3c3d85372,蘆間の仰々子もこの頃では大分鳴きつかれていた。,江見水蔭,悪因縁の怨,0.5522
pd1b5fdd7acd219d,何うしたって出来そうもないことが出来たのは、私の念が届いたんですよ。,泉鏡花,木精（三尺角拾遺）,0.616
pd0e8748760982db,私のようなふつつか者が廻らぬ筆をとりましたのも、その事を考えましたからでございます。,浜尾四郎,殺された天一坊,0.5467
pde6ffcdd5025121,夜は毎晩おそくまで御飯のあと片付けをしたり、お使いに遣られたりしました。,海若藍平,キキリツツリ,0.4641
pd9f3716f9c05f4e,耳を澄まして聞いていますと、どーんどーんという音がします。,海野十三,怪塔王,0.7061
pdc9fa382c6aff3c,とにかく戸外は真暗な夜に違いなく、その地下室の倶楽部には美しい吊燈籠が仄明るくともっていました。,渡辺温,象牙の牌,0.5979
pdf16c5dcd94c84d,何か解ったような、それでいて何も解らないような妙な気もちだった。,牧逸馬,上海された男,0.6021
pd2e8e3ec476c78d,そして私の喋り足りないところを叔父が代って述べたてた。,牧野信一,地球儀,0.4865
pd12fced1c84d30d,仙太もその空気に捲き込まれ、しばらくの間は夢中になって勝負を眺めていた。,犬田卯,競馬,0.5673
pd463b611be5a4e9,私としてはこれが後にも前にもたった一度の、そして熱烈な恋でした。,田中早苗,麻酔剤,0.5482
pd04fbe5c9cc5319,建物の周囲には水があって、白や紅の蓮の花が月の光の中の下に夢見るように咲いていた。,田中貢太郎,荷花公主,0.6986
pd61c6f1022e1bc4,なんでもいいから食えるものを少し捜してこようと思ったのである。,田山花袋,ネギ一束,0.4905
pd6addc8ebf00064,しかし雇われてから七月程して、この若者はひどく病気になって、助かりそうには思われなくなった。,田部隆次,生霊,0.4622
pd1f230269e7a413,博士は悲鳴をあげながら背後のドアに飛びついて、部屋の外に飛びだした。,甲賀三郎,蜘蛛,0.5615
pdfdc401ce14b495,時には壁を全部こわしもするだろうし、時には黙って通りすぎるかも知れない。,直木三十五,鍵屋の辻,0.5435
pd27bfb1a46fcdd6,そして、じぶんがそこにすわって、そのひざに死人をのせました。,矢崎源九郎,こわいことを知りたくて旅にでかけた男の話,0.551
pd5dd7b3d036ca61,熊谷の堤は桜が八分咲きで、物売りの屋台が賑やかに並んでいた。,矢田津世子,茶粥の記,0.5961
pd14ee964534b5f4,……その声のうちの二つが、急に高笑いを響かせて絶えると、残るテノールだけが歌をつづけた。,神西清,女房ども,0.5737
pdfdacb38e5d620a,日曜だというと、二人は教会の入口へ行って、終日そこに佇んでいた。,秋田滋,親ごころ,0.5074
pd985965d2635535,私は瓦であった、脆い瓦であった、自分から転げ落ちて砕けてしまう瓦であったのだ。,種田山頭火,砕けた瓦,0.5332
pddde38ac2a5e12b,すると、森先生の手蹟でつぎの事が書かれてあった。,竹久夢二,先生の顔,0.5111
pd3cc4128c9a0164,出さないのにきまっているのに、ながながと書いた。,竹内浩三,手紙,0.44
pd206376ab849e9d,絶えず自分の存在をたしかめて来た筈だったのに、何かそこにぽかんと穴のあいてる様な気がした。,織田作之助,雨,0.6146
pdbf096a8161d901,媼もまたこの唄の声を耳にした一人である。,芥川竜之介,貉,0.6738
pd0b59313a1ba011,其の若者は、もうそこには居なかった。,菊池寛,天の配剤,0.6252
pd76dd4f48eeed9a,小作人どもは、ワイワイ云ってるだけで、何とも手の下しようがなかった。,葉山嘉樹,乳色の靄,0.5651
pdfeab91a476652e,書きだしてからもう十日も経っているというのに、まだ五枚と進んでいないのだ。,葛西善蔵,死児を産む,0.5321
pdaf1f9c1960f557,金はそれを心配していたが、それでもまだ他人にはいわなかった。,蒲松齢,五通,0.5567
pd912662af8dd005,私はこの素晴らしい世界を誰も知ってくれないのが淋しくてたまらないのです。,蘭郁二郎,歪んだ夢,0.589
pdc0ddaafde2445e,僕はそんな細々したことまでハッキリ覚えてはいませんが、なるほどそう云いつけたようにも思います。,谷崎潤一郎,途上,0.5635
pdd058657e4dc73d,したがって、物価が出鱈目な点でも、季節のサン・モリッツほどのところはあるまい。,谷譲次,踊る地平線,0.5466
pd81abddb6c04371,堤防の斜面には、雑草の小さな花が点々と咲いていた。,豊島与志雄,女心の強ければ,0.7086
pd66ea0e7efd7a38,翌日は午前はまだ暴風雨の名残りがつづいていたが、午過ぎから風も次第に歇み、雨も晴れた。,近松秋江,狂乱,0.5954
pd8fbd4d8848b9a4,お前さんさえよけれア、いかにもお供をしよう。,邦枝完二,乳を刺す,0.5068
pd475177a55ccf61,何が何やら、わけもわからぬ野次馬は、八五郎の声に驚いて夕やみの中にバラバラと散って行きます。,野村胡堂,銭形平次捕物控,0.4601
pdb7676b10e02c23,そして、相手の正直なことを褒める印に、そのまま解放してやりました。,鈴木三重吉,デイモンとピシアス,0.573
pd9021a571d3c2c3,すると小さな鞄の中にはお金や何か貴いものが詰められて、人間に大切に抱えられて行きます。,香倶土三鳥,二つの鞄,0.401
pd797e59fb40f22b,あとで一人の和尚が出たから気がついたので、さはいいながら、この役者が誰であるかを知らなかった。,魯迅,村芝居,0.5459
pd119f2ad6b34605,樹の倒れる音響に驚いて小鳥がけたたましく囀って飛びまわる。,黒島伝治,まかないの棒,0.5966
pdc696b63a9c3070,わたしは好奇心でもって苦しいほどいっぱいで、何かましなことがしたくてなりませんでした。,アントン・チェーホフ,犬を連れた奥さん,0.584
pd638e482f3ca305,同夜雨が降り出してから屋外にいたことも争われぬ事実です。,アーサー・コナン・ドイル,白銀の失踪,0.5961
pdc6a20b1e7068d1,したがわしには、何か見たかもしれない目撃者が地上にたつた一人いることがわかつています。,ギルバート・キース・チェスタートン,手早い奴,0.5997
pd04464a215489f1,しかるにまだ何ゆえともわかりかねながらどこかにかれを安からず思わしむるものがある。,ギ・ド・モーパッサン,糸くず,0.5742
pd09d32a13ecd098,低いしわがれた声で、たびたび咳払いをして、それを澄ませようとするのである。,パウル・トーマス・マン,幻滅,0.5974
pd71dfbeb120c859,ありがとう、そう言って下さるだけで、休ませて頂いたりミルクを飲ましていただいたも同じことです。,フィオナ・マクラウド,漁師,0.5687
pd1cd7d4d694bdd5,しかし、今それに抗するために何かを企てるといっても、すでに遅すぎた。,フランツ・カフカ,断食芸人,0.5617
pd13262e3db56490,菊のちぢれた花と薔薇の房とが重なり合い、含羞草は、その黄金色の花粉を菫の束の上に散らしていた。,モーリス・ルヴェル,碧眼,0.6273
pdf0c5be8437ed9d,まりは地面におちると、そのまま水のなかへころころところがりこみました。,ヤーコプ・ルートヴィッヒ・カール・グリム,カエルの王さま,0.6417
pd34a0f713576cf0,けれども、その印象を数代つづいて受けてきた者は、もはやそれから離脱することができない。,ロマン・ロラン,ジャン・クリストフ,0.5768
pd112a11f281d7b2,なにしろ、地べたにはえている野イチゴを、二つ三つ口にしただけなんですからね。,ヴィルヘルム・カール・グリム,ヘンゼルとグレーテル,0.5744
pd9a98e3ede3dc01,また半哩ばかり何んにもなくて、ケープルトンにかなり近くなってからまたまた発見された。,三上於菟吉,白銀の失踪,0.5397
pdd24843e6970bbe,パラオの神々の間では、善神は供物を供えられることが殆ど無い。,中島敦,南島譚,0.5604
pd2a80e0ab511f94,だからなるべくよけいの人に聞いてもらいたいと思うには、これじゃ駄目なんだよ。,中里介山,大菩薩峠,0.5792
pdf5b475706f3c67,川のほとりの住宅街の垣根にばらが咲いていた。,久坂葉子,女,0.5943
pd040dc10d127464,やりすごしておいて、後から突然におどりかかり、刃先を咽喉から耳のほうへひいたのだというのである。,久生十蘭,顎十郎捕物帳,0.64
pd7f662045525526,わたしはみよしの方を見ると、前はもう平橋であった。,井上紅梅,村芝居,0.5791
pd01914124041f22,野菊はなお咲こうとしたつぼみがはげしい霜に打たれて腐ったらしく、小さい玉を結んでる。,伊藤左千夫,落穂,0.6424
pd4de1028f4f03a2,だから、おめえなんぞ歌をよんでも、花が咲くゆえがまんできけりになっちまうんだ。,佐々木味津三,右門捕物帖,0.6392
pd57ecc44175b8d0,というのは、私にはこれでも自分を見る明がある。,佐々木邦,恩師,0.5379
pd348521cb472238,空で鳴っていたクレインの音が止み、人夫等が呶鳴り合い騒ぎ合った。,佐左木俊郎,都会地図の膨脹,0.643
pd2fd2cb29887fe8,なにか、口の中でぶつぶつというと、それが学友達に聞こえたのかもしれない。,佐藤垢石,純情狸,0.5497
pdcf0368a6d80573,雨がちの天気で、早くから日が暮れると鼠がごそごそ這いのぼって、ボール函の蔭へ隠れたりした。,原民喜,壊滅の序曲,0.6325
pd0b0f283ed2cbab,きっと別な家々へ移っていったためなのだ。,原田義人,家長の心配,0.4955
pd1593eec5221366,もう何人の力も役には立たないのです。,吉行エイスケ,地図に出てくる男女,0.512
pda0128ff3ff9082,声を立てると山に響いて山が唸ります、黙って釣っていると森としています。,国木田独歩,女難,0.6187
pd2f8b1572fae2c3,と、それに答えて、山の方からも同じような笛の音が聞こえて来た。,国枝史郎,猿ヶ京片耳伝説,0.6959
pdab89d06f97ad7f,自分の耳にもドスンドスンという地響がきこえるのだ。,坂口安吾,牛,0.6489
pd5856ca99187820,そして私は何故かしら三枝にはもうこれっきり会えぬように感じていた。,堀辰雄,燃ゆる頬,0.6068
pdd159c4cfb0347d,やむを得ず呼吸を切らして、耳をがあんと鳴らして、黙って後から神妙に尾いて行く。,夏目漱石,坑夫,0.6636
pd50d89a578992c6,裏庭の隅にはまだ、コスモスの白い花が、黒い枝の間にチラリホラリと咲き残っています。,夢野久作,卵,0.6558
pd1c8fd534fff1e1,そしてそのまま、ガックリなってしまった。,大阪圭吉,動かぬ鯨群,0.5757
pd60ab0c5aaa33c0,春、いまごろは、桃の花が咲いて見事であります。,太宰治,駈込み訴え,0.6655
pd38c5724f67900f,ところが、君自身との一致を欠いて、自己満足を失うような目に逢って見給え。,実吉捷郎,道化者,0.5724
pd1f3ffb40d4661b,今頃そんな音がしたことがない、鼠にしては大き過ぎる音であった。,室生犀星,三階の家,0.6243
pdfabcbcf4296a43,こっち側の人だかりの間でそんな低い声がきこえる。,宮本百合子,三月の第四日曜,0.689
pdde19c03042b666,ところがおかしな子どもはやっぱりちゃんとこしかけたままきろきろこっちを見ています。,宮沢賢治,風野又三郎,0.6347
pd632d9f84a046d0,また逆にあのような文章を作った人の俳句や詩が立派であるのは当然だとも云われよう。,寺田寅彦,夏目先生の俳句と漢詩,0.4613
pde056b6a99774de,裁判所からかえった私の話を聞いて、そこに長いこといるのだという同房者が云った。,小山清,その人,0.6095
pdbd3d786356e270,きんせんかや、けしの花も、美しく咲いていました。,小川未明,気にいらない鉛筆,0.7756
pda2e2a0c9a30018,――すると、八ヵ月目かにです、娘がひょっこり戻ってきました。,小林多喜二,疵,0.5183
pd8cf2d8b9dd9e3b,また、それ以外には擦り傷一つなかったのである。,小栗虫太郎,夢殿殺人事件,0.5657
pd91111c9bb26f4e,……そこに眠っている子供等がいなかったら、今すぐあなたを殺すのでした。,小泉八雲,雪女,0.5467
pd992f8c5260673b,何だか気がぼーっとして、心臓の音だけが、いやに強く私の耳に響きました。,小酒井不木,体格検査,0.6259
pddde7171256650c,風通しのわるい母の室は窓があけ放しにしてあるのに熱気のために空気が淀んでいた。,尾崎士郎,秋風と母,0.534
pdf0196c7881b24f,こいつさえなければ、って私はよく考えたものさ。,山川方夫,蒐集,0.6667
pda0c1f2b3cb0d64,驚いて駈けつけた吾八は、神獣を殺したと知るや茫然としてそこへ立竦んだ。,山本周五郎,麦藁帽子,0.5317
pd72ecc0aafff29e,対岸の隅田公園の桜は、若木ながら咲き誇っている。,岡本かの子,娘,0.6105
pd4bbf8470c58636,暗い夜で、雨気を含んだ低い雲の間に、うすい天の河が微かに流れていた。,岡本綺堂,両国の秋,0.6808
pdee3b08a6479074,しかし、これはむしろ私の望むところであった。,島崎藤村,分配,0.6185
pd15820888aa7784,十分位様子を見ていたまえ、僕が署長には伝えておくからその点は心配ないよ。,平林初之輔,山吹町の殺人,0.5461
pd988f4f2ff1b43e,こいつが江戸前の船頭は必ずそういうようにするので、田舎船頭のせぬことです。,幸田露伴,幻談,0.5562
pdcc1b622b185aa6,こんどこそ克巳が、松吉たちになにかいってくれると思ったのです。,新美南吉,いぼ,0.6397
pd1b50fbe7e5d69c,自体何をすればいいのか、それさえ見きわめがついていないような次第です。,有島武郎,親子,0.6031
pd59d398d8a73ad6,テントにはたつた一つ出入口があるだけでした。,村崎敏郎,古書の呪い,0.5638
pd7c1df0238b22b8,草花の鉢は雨が降れば取込む事にきまっている。,松本泰,緑衣の女,0.5598
pdb4e6058f36799d,ケリルは怒りと悲しみに悶えていたが、エマルは一言も物いわなかった。,松村みね子,約束,0.5054
pd026e96df4aa7fd,割れるような拍手が聞こえて来て、つづいてまた唄と三味線がはじまって、しいんとなった。,林不忘,釘抜藤吉捕物覚書,0.6194
pda29e8eeed16b86,より江はその箱を耳につけて、いっとき、ごそごそという蛙のけはいを愉しんでいました。,林芙美子,蛙,0.5942
pd454666ad10192f,だからこの家を引越す当面のあては、今のところ無いわけであった。,梅崎春生,黄色い日日,0.6255
pdc407ed7ae7cb88,おまえ、この爛漫と咲き乱れている桜の樹の下へ、一つ一つ屍体が埋まっていると想像してみるがいい。,梶井基次郎,桜の樹の下には,0.5709
pdd6dbcb416d4084,暫くその外に立って聞いていると、物音はじき窓の内でしている。,森鴎外,鼠坂,0.6549
pd46c805eef35fe5,もうそこには、れいのかめがきて待っていました。,楠山正雄,浦島太郎,0.6633
pd068719a45bee53,一同のものは何ぜだか誰も黙っていた。,横光利一,厨房日記,0.5896
pdb8a024f4d1a35e,しかも、自分が第三者によって操られていたという確かな証拠はどこにもないのだ。,橋本五郎,殺人迷路,0.5135
pd2ac6095381577f,で、何となく物足りなく思っていると、さっと唐紙を開けて従兄が入って来た。,水野葉舟,香油,0.5516
pdaf7486ea2373ed,或晩竜子は母と一緒に有楽座へ長唄研精会の演奏を聞きに行った時廊下の人込の中で岸山先生を見掛けた。,永井荷風,寐顔,0.5638
pd1f919d185fa442,しかし、そこにはネズミ一ぴき、いないのでした。,江戸川乱歩,黄金豹,0.7132
pd0000f834a5ce4b,けれども依然として声が出ないのであった。,江見水蔭,丹那山の怪,0.5476
pdee82ad50ef8a0f,まだそれよりも内証なのは、引窓を閉めたため、勝手の暗い……その……誰だか。,泉鏡花,婦系図,0.6156
pd04d34a9f8c613f,田舎にいる頃、あれでは何をしていたか判ったものじゃない。,浜尾四郎,夢の殺人,0.5212
pd57726c4482358e,良い者は御褒美を受け、悪いものは助けられるのが当り前です。,海若藍平,若返り薬,0.4556
pd1cc120765bf691,かれの頭部がはずれて、ころころと向うへころげたのであった。,海野十三,怪星ガン,0.7052
pd3747cbce75ca54,朝霧の中に咲いた花のような姿が、多くの男たちの目を惹いたのは云う迄もなかった。,渡辺温,或る母の話,0.5871
pd3e40c319270969,大きい方のトランクだけでも、私の眼の前で開けて見せなければ、渡す訳にはいかないとね。,牧逸馬,アリゾナの女虎,0.5768
pd7da3f37f3cf54e,ただ、しからばそれをどうしようという勇気がないだけなんだ。,犬田卯,瘤,0.5617
pd9973545cb513aa,私はそこを立ち去ると、当てもなく街をぶらつきました。,田中早苗,無駄骨,0.548
pd8c3eb3b3923365,暗い中から驟雨のような初夏の雨が吹きあげるように降っていた。,田中貢太郎,馬の顔,0.6875
pd6a1a6552dcaab8,河の溢れる時には、普通の橋では、その急流を防ぐ事はできない。,田部隆次,雪女,0.4615
pdb844d0e2b7fa2d,知ってる人にでも見つかればどんなにか困る事だ。,甲賀三郎,愛の為めに,0.5571
pd865d240125e86b,自慢をするのでは無いが、わしも、一流を究めているつもりだ。,直木三十五,寛永武道鑑,0.5391
pd35fb7315ccabec,むすめは大よろこびで、さっそくイチゴをかごにいっぱいつみとりました。,矢崎源九郎,森のなかの三人の小人,0.5506
pd56d18b265bd682,砂利はこびの人夫たちの出入りがしげくて辺りの様子がなにかざわついている。,矢田津世子,痀女抄録,0.5726
pda10a67b25620e0,今までの陽気な浮々した考えに、だんだん暗い影がさし始めた。,神西清,大ヴォローヂャと小ヴォローヂャ,0.573
pdf142d491ebf61d,世のなかの営みは、自分以外の人たちには、昨日となんの変ることもなく続くであろう。,秋田滋,初雪,0.4992
pdf83fe82c473315,明けましてまずはおめでとうございます、とおよろこびを申しあげる。,種田山頭火,雑記,0.522
pd23e5f775546382,一人一人ボートへ助け入れたが、どの人も口を利くどころか、眼さえ見えぬようであった。,竹久夢二,おさなき灯台守,0.5102
pde6d46b8157128c,こっそり帰ってみると、柳吉はいびきをかいていた。,織田作之助,夫婦善哉,0.6079
pde12025265ebaae,遠くで二三度、角の音がしたほかは、馬の嘶く声さえ聞えない。,芥川竜之介,英雄の器,0.6726
pd295e82487a1986,廊下にも沢山の人が立って見て居たので、自分もそこで立って見ることにした。,菊池寛,天の配剤,0.6248
pd8e202845df1dd7,と、深谷の姿が風のように廊下に飛び出して、やにわに廊下の窓から校庭に跳び出した。,葉山嘉樹,死屍を食う男,0.5581
pd3a2cbe78041d1b,鎖の軋る音が、ギイギイ深夜の闇に鳴った。,葛西善蔵,遊動円木,0.5197
pd10231332412e06,身の上のことを訊こうとしている者は、それぞれ体をすくめるように立って聴いていた。,蒲松齢,促織,0.54
pd68681c9d876393,なぜそんなことをいったのだろう、私自身この辺は全く始めてなので、知っている筈はないのです。,蘭郁二郎,歪んだ夢,0.5888
pdb43984a9277efe,時には又小声で、錆のある喉を聞かせます。,谷崎潤一郎,幇間,0.5619
pd283011620d4b86,計らずも私は、そこで一つの生きた学問をしたのだった。,谷譲次,踊る地平線,0.5419
pdf16c27983090ca,藻の影にじっと浮んで動かない鮒の群がいたり、水の面に黄色い花が一つぽつりと咲き残っていたりした。,豊島与志雄,或る男の手記,0.7074
pd15d17496f47394,私は、最初から斯様な嬉しい目に逢ったのは、生れて初めてであった。,近松秋江,別れたる妻に送る手紙,0.5911
pd6bf416ef71b0d8,本篇は、銭形平次がまだ独身で活躍している頃の話です。,野村胡堂,銭形平次捕物控,0.4453
pd12efdd03223af3,でも、そんな窓はなくて、ただガラスがはまっているだけですね。,鈴木三重吉,岡の家,0.56
pdfe61775d13f2f7,幾度も考えなおすうちにだんだんそうらしくなって来た。,魯迅,白光,0.5453
pd0600abb4222f77,小屋の中に誰もかくれていないことがたしかめられた。,黒島伝治,パルチザン・ウォルコフ,0.5828
pd3e4b27d97ecb01,夜昼の境目もなく長雨が降りはじめて、裸になった木々が泣く。,アントン・チェーホフ,富籤,0.5792
pd64bcd4c5649ce5,半分はただ辷り落ちに落ちて、ただ天祐で、とにかく平なところに着陸した。,アーサー・コナン・ドイル,空家の冒険,0.5941
pd51cd867d6cd62e,とにかく、私はこのようなのが他にもう一つあると信じます。,ギルバート・キース・チェスタートン,金の十字架の呪い,0.5945
pdec39e5c7ca74f7,昔は人身御供ということをして、この要求を満たしていた。,ギ・ド・モーパッサン,狂人日記,0.5719
pd6f53cda45ab4d0,しかも、ほかの何事にもまして悲しくせつなかったのは、いつもこう考えることだったのですよ。,パウル・トーマス・マン,幻滅,0.597
pd0fe3e522ccdea2,岩間に逃げていた海つばめの再び波の上に下りて来る白い翼が夜の青暗さのなかに見えた。,フィオナ・マクラウド,剣のうた,0.5529
pd859a8336aa1d89,そして、その階段をうまくかけ下りることができても、何一つ得るところはないだろう。,フランツ・カフカ,皇帝の使者,0.5395
pde6c0c06249ed86,男は聞き耳を欹てると、その声がだんだん戸口の方へ近づいて来た。,モーリス・ルヴェル,生さぬ児,0.6272
pdfc829b3849c4de,だれにも気づかれないように、こっそりと家をぬけだして、ひろい世のなかへでていきました。,ヤーコプ・ルートヴィッヒ・カール・グリム,七羽のカラス,0.6388
pd31903706d7aa37,――大河の流れのうちには、周囲の野や空を映しながら広々として眠ってるように思える場所がある。,ロマン・ロラン,ジャン・クリストフ,0.4952
pddc8ebac52891a0,そして、そのにいさんたちはどこへいってしまったんですか。,ヴィルヘルム・カール・グリム,七羽のカラス,0.5709
pd5a5ea936779ddc,非常に暗い晩だったので、それに途中は淋しい荒地だったので女中は提灯を持っていた。,三上於菟吉,白銀の失踪,0.5268
pdc3a0b107bc8081,カンビュセスが含む所のあったのは、むしろアメシス王の方だったからである。,中島敦,木乃伊,0.5595
pda09c1cbf6f3dee,しかし、ここはところがらですから遠慮をしました。,中里介山,大菩薩峠,0.572
pd3aa2bc82ac545d,そして、そこで見たものは何であったのか。,久坂葉子,四年のあいだのこと,0.5888
pd074432a809ea4f,高い草を押し分けるようにして、連翹色のオローシカが咲いている。,久生十蘭,犂氏の友情,0.6371
pd432109329881f9,なるほどわたしどもの間にはもはや悲しむべき隔てが出来たのかと思うと、わたしはもう話も出来ない。,井上紅梅,故郷,0.5747
pd66ce7fb0ae8d61,予は此の停車場へ降りたは、今夜で三回であるが、こう真暗では殆んど東西の見当も判らない。,伊藤左千夫,浜菊,0.6412
pd895b055f72dda5,ひょっくりとうちの親分がこの縁側まで出ていったと思ったら、ぱたりとのけぞる音がきこえたんですよ。,佐々木味津三,右門捕物帖,0.6312
pdbacc07d4bdc116,諦められなくて幾度も見に行ったが、既に二面あるので何うもお前には相談をかけ悪かった。,佐々木邦,或良人の惨敗,0.5309
pda1704c98010a23,併しそれは、笑いにはならずに、僅かに口辺の線が歪められたきりであった。,佐左木俊郎,蜜柑,0.6323
pd8c30cd434e03d4,おそらく、茫然としていたのであろう。,佐藤垢石,しゃもじ（杓子）,0.5381
pd7badc1abbc9a33,台所の硝子戸にドタンと風のあたる音がして、遠くの方にヒューッと唸る凩の音がする。,原民喜,冬日記,0.6308
pd238dc4354a6000,だが、私が死んでもそれが生き残るだろうと考えただけで、私の胸はほとんど痛むくらいだ。,原田義人,家長の心配,0.4924
pd1e67e9b3be5ee2,そして貴方もまた、アダに惚々する私達同志の一人におなりだろうと思うのです。,吉行エイスケ,孟買挿話,0.5091
pd112d87fd4ea2c8,というのは上る時は少も気がつかなかったが路傍にある木の枝から人がぶら下っていたことです。,国木田独歩,牛肉と馬鈴薯,0.5862
pdda73fd28a01294,しかしやや離れたところから、同じ啼き声が聞こえて来た。,国枝史郎,血曼陀羅紙帳武士,0.6938
pd814802634968b7,たたずんで耳をすますと、まさしく空耳のたぐいではない。,坂口安吾,紫大納言,0.6462
pdab93e9e2a3e8b1,死があたかも一つの季節を開いたかのようだった。,堀辰雄,聖家族,0.601
pda07ee76f1b5e1d,初めの大きな声に反してこの低い声が耳の底をつき抜けて頭の中へしんと浸み込んだような気持がする。,夏目漱石,琴のそら音,0.6603
pd3cf23925474470,勘太郎は睡っているうちに、どこからともなく悲しい小さい声で歌う唱い声が聞こえて来ました。,夢野久作,虫の生命,0.6422
pd837a5a7f34a4c3,が、間もなく主任は堪えかねたように立上ると、誰にもなく呟いた。,大阪圭吉,三狂人,0.572
pdb982bf25e199c8,ころころと土間へころげ落ち、それから戸外へまろび出た。,太宰治,ロマネスク,0.6564
pde497512d94deae,そしてその片膝よりほかには、なにごとも眼中にないのだ。,実吉捷郎,鉄道事故,0.5646
pde335ca3212a459,――それにもかかわらず別のしゃりこうべは枯れた花を抱いたまま、こんどはすこしずつ崩れはじめた。,室生犀星,しゃりこうべ,0.6209
pd5a6487a8f07ec4,囁き声はサヨの耳のはたできこえるようで、それは自分の声でもある。,宮本百合子,朝の風,0.6864
pda273dc33c928a8,風のためか、今まで聞えなかった遠くの瀬の音が、ひびいて参りました。,宮沢賢治,二十六夜,0.6342
pdf371bada5f0c45,科学全体としての飛躍的な進歩はただ後者によって成さるると云っても過言ではない。,寺田寅彦,西鶴と科学,0.4589
pd7f153a8de6fd4d,あとまだ長くそこにいなければならない仲間の者の前で、その年寄の姿はいやらしい感じだった。,小山清,その人,0.6048
pdb53c0a8c4afbc4,すると遠くの遠くから、町の物音が聞こえてきました。,小川未明,春,0.7741
pd03c9357caae448,ところが娘は十日も家にいると、またひょッこり居なくなるのでした。,小林多喜二,疵,0.5179
pd1f00eb62992b6a,いまや、岬の一角ははっきりと闇から引き裂かれ、光りが徐々に変りつつあった。,小栗虫太郎,潜航艇「鷹の城」,0.562
pdc24e3411a493e9,……それは、そんな風に人を憎むのは悪いとは知りながら、その気持を押える事ができませんでした。,小泉八雲,生霊,0.546
pdd3058242450052,けれども、今はもうそれを語ってもよいばかりでなく、また語らずには置けぬ気がするのだ。,小酒井不木,闘争,0.6064
pd06c9a47f10afe6,積みあげた枯草の一角がばらばらに壊れて、巣の中は空き家のようにがらんとしている。,尾崎士郎,鶺鴒の巣,0.5095
pd856a31fdd31535,だが、そこにはいつも人かげがなかった。,山川方夫,箱の中のあなた,0.6478
pd49928bded29772,そしてお豊はほとぼりのさめるのを待って叔父に知れぬように良人を山へ出してやった。,山本周五郎,藪落し,0.5228
pd7e9c9edade2005,季節によって違うが、日が長くなると午後の四時頃から灯がつく頃が一ばん落合って立て込んだ。,岡本かの子,鮨,0.5985
pd6b9e4e05019e5e,家内の者はみな隠れてしまって、その男ひとりがそこに立っていた。,岡本綺堂,夢のお七,0.6778
pd8de90959d80111,花は何に限らず好きだったが、黄な薔薇は殊におせんが好きな花だった。,島崎藤村,刺繍,0.6181
pd647c8eff58a2a9,大きな声で歌を歌いながら先生のすぐそばを通ったのでしたわね。,平林初之輔,人造人間,0.5446
pd3e7c0a1546b8be,死んでも放さないくらいなのですから、とてもしっかり握っていて取れない。,幸田露伴,幻談,0.5226
pd4105d98bd6b4b9,だからごんごろ鐘をつくと、その谷や村の音もまじっているように聞こえるのだよ。,新美南吉,ごんごろ鐘,0.6375
pd8243b5d0aab193,階子段を規律正しく静かに降りてくる足音がして、やがてドアが軽くたたかれた。,有島武郎,星座,0.5953
pdf038a673babe97,ただそれをすつかり混同していたのです。,村崎敏郎,緑色の人,0.5536
pd4b05929e02a3db,眼を覚すと、窓を洩れてくる薄光が、壁の石版画の額縁にさしていた。,松本泰,日蔭の街,0.5591
pdba65d8e7e17d5d,髪には黄ろい海草をかぶり、それが月の輝きに金いろに光っていた。,松村みね子,海豹,0.5032
pd2d66d4bcc28976,後の祭に花が咲いても、それは詮ない与惣の変り果てた姿であった。,林不忘,釘抜藤吉捕物覚書,0.618
pd4e9a6125f9fcfc,あくる朝になりますと、岩のそばには小さい流れがあって、ももの花が小川のそばに咲いていました。,林芙美子,ふしぎな岩,0.5903
pd04e060d6ce25bc,なくなったのは外套だけで、あとの物は全部残っていた。,梅崎春生,蜆,0.6102
pdf8066d27535281,明方物凄い雨風の音のなかにけたたましい鉄工所の非常汽笛が鳴り響いた。,梶井基次郎,海,0.5692
pd3e30b7681a635c,初め陰っていた空がようよう晴れて、蒼白い日が岸の紅葉を照している。,森鴎外,寒山拾得,0.6325
pdb608d332609d08,釣り鐘はたたくと近江の国中に聞こえるほどの高い音をたてました。,楠山正雄,田原藤太,0.6453
pde0d3219fb8b56d,吉は屋根裏へばかり上っていたから、何かしていたに定ってる。,横光利一,笑われた子,0.5879
pdbe038fc780890b,星田は二度、三度、深い絶望的な呻き声をあげた。,橋本五郎,殺人迷路,0.5074
pdeb1cb64adb5539,そして心には充ち充ちた不愉快が、自然と人に逢えぬと言ううら悲しい心持ちに変わって行くのを覚えた。,水野葉舟,香油,0.5503
pd06a652a4736d22,せめて死骸のありそうな場所だけでもと思ったがそれも分らずじまいであった。,永井荷風,にぎり飯,0.557
pdbe9439235b3560,まもなく、廊下に足音が聞こえてきました。,江戸川乱歩,妖人ゴング,0.7125
pd10933685fc1648,風もないのに鈴が鳴るのは、その為であった。,江見水蔭,壁の眼の怪,0.5457
pdfca4b6199b6e95,時々灰吹の音も、一ツ鉦のようにカーンと鳴って、寂然と耳に着く。,泉鏡花,吉原新話,0.6153
pdb7cebcf3318d43,僕の商売はそこまで立ち入る必要がないんだよ、ただある事実を事実として観察していればいいのさ。,浜尾四郎,殺人鬼,0.5155
pdf0ab4c8a21398d,ふだんから憎らしいと思う猫が今日は全く気がつかずにいる。,海若藍平,ドン,0.4536
pd01b80b4d8468a7,あまり高くない奏楽が聞こえていて、気持はいよいよしずかになる。,海野十三,海底都市,0.6991
pd083ccfbf932018,いやはや、そんなことと知っていたなら、僕は何もこんなお人好しの役目を仰せつかるのではなかった。,渡辺温,浪漫趣味者として,0.5827
pd0cf77c5128ec1e,客には窓をつうじて応対し、品物も窓から出してやろうという一風変わった人物だ。,牧逸馬,女肉を料理する男,0.5756
pd141158a34d6e9c,そして何もかも新しく、これからやり直すのだ。,犬田卯,瘤,0.5588
pd6ec4863cee5332,或る者は自棄くそになって、途方もなく大きな声で呶鳴りだした。,田中早苗,ラ・ベル・フィユ号の奇妙な航海,0.5444
pdf6c37015ae3de0,咲き乱れた花の梢には、朧に見える月の姿があった。,田中貢太郎,花の咲く比,0.6769
pdb68609d68681d1,突然、落雷のような音響とともに白い光は消えて、菩薩の姿も見えなくなった。,田部隆次,常識,0.4604
pdffce5b66e4ec4a,意気地のない私はお金を儲ける事などは無論のこと、借りに行く所さえないのだ。,甲賀三郎,愛の為めに,0.5571
pd2823612f134a21,そして、そのまま、お互に動かなかった。,直木三十五,寛永武道鑑,0.5389
pd1bb88e3c18c2c6,そして、からだがよわいため、すぐにかりの洗礼をうけさせなければなりませんでした。,矢崎源九郎,七羽のカラス,0.5499
pdcbb2a870f12b7e,居眠りこけていたこの小さな町を、どよめき立たせるような出来事が起った。,矢田津世子,凍雲,0.5715
pdda08232d46d349,いま自分のしていることが我ながらさっぱり分からないの。,神西清,犬を連れた奥さん,0.5729
pd9e78c1ce8c49a6,私は、それが怒り狂うブルドッグだとしても、きっとしっかり押えつけていたことだろう。,秋田滋,狂人日記,0.4986
pd147b741f15ca29,物を大切にする心はいのちをはぐくみそだてる温床である。,種田山頭火,物を大切にする心,0.5189
pda16382fd126506,時によると、日が暮れてずっと暗くなるまで、じっと日輪草をながめていることがありました。,竹久夢二,日輪草,0.5077
pd701f8b8cd0fe98,いや、そういえば、たしかにお前にはひとに惚れこませるだけのものはあった。,織田作之助,勧善懲悪,0.6066
pd7a3d9c0e2aca31,窓の外では屋根瓦に、滝の落ちるような音がしていた。,芥川竜之介,お律と子等と,0.6701
pd689a772e355e4b,声ばかり飛び交うているかのように、闇のなかに千鳥が、ちちと鳴きしきっていた。,菊池寛,藤十郎の恋,0.6151
pd814db85813fbc2,私の入ってる間に、一人首を吊って死んだ。,葉山嘉樹,牢獄の半日,0.5511
pd4d9b2cf83606fb,が私にはそうしてもいられない事情があった。,葛西善蔵,遊動円木,0.4786
pd7ca5c12ba3d0cc,お父様がそんなことをなさるのは、私を殺して人の口をふさごうとなさるのですか。,蒲松齢,小翠,0.5392
pd09b8d9aab4aa6e,そして、よろよろと立ち上ると、もう二つの影はもつれ始めているのであった。,蘭郁二郎,自殺,0.5879
pd56105ed4b77f7a,母屋の方はすっかり雨戸がしまって、曇天の背景に魔者の如く森閑と眠って居る。,谷崎潤一郎,少年,0.5331
pd63db242a200667,同時に、さまざまな断片が私のこころへ這いあがる。,谷譲次,踊る地平線,0.5353
pd891acaeeb980eb,咲き乱れた女郎花にまじって、色とりどりの秋草が花を開きかけている。,豊島与志雄,牛乳と馬,0.7054
pda86456368d41a3,けれどもその時は、何もこっちから思ったんじゃない。,近松秋江,雪の日,0.5812
pd41e1399e61da9a,おい、おれんとこにもいい犬がいたんだよ。,鈴木三重吉,やどなし犬,0.5587
pd6e32d713c303bb,宏兒は今度初めて逢うので遠くの方へ突立って真正面からわたしを見ていた。,魯迅,故郷,0.5452
pdbcef1573d68de8,やがて、路傍の草が青い芽を吹きだした。,黒島伝治,雪のシベリア,0.5709
